subject_id,task,data.aligned_text,data.number_views,data.consensus_score,data.consensus_text,data,column_name,url_front,url_back,
58746312,T4,"[['11.2', '11.2', '11.2', '11.2(10oz)'], ['', '(10', '', ''], ['', 'oz)', '', '']]",4,1.666666667,11.2 (10 oz),11.2,First row Mean Length ,https://changes-ifr.s3.us-east-2.amazonaws.com/ss1/GROW/double/b_first/Schoolcraft_Clear_GROW_050.jpeg,https://changes-ifr.s3.us-east-2.amazonaws.com/ss1/GROW/double/b_first/Schoolcraft_Clear_GROW_049.jpeg,
58746312,T10,"[['15.9', '15.9', '15.9', '15.9(27oz)'], ['', '(27', '', ''], ['', 'oz)', '', '']]",4,1.666666667,15.9 (27 oz),15.9,Second row Mean Length ,https://changes-ifr.s3.us-east-2.amazonaws.com/ss1/GROW/double/b_first/Schoolcraft_Clear_GROW_050.jpeg,https://changes-ifr.s3.us-east-2.amazonaws.com/ss1/GROW/double/b_first/Schoolcraft_Clear_GROW_049.jpeg,
58746421,T8,[['1']],1,1,1,NA,Second row Number of Fish ,https://changes-ifr.s3.us-east-2.amazonaws.com/ss1/GROW/double/b_first/PresqueIsle_Francis_GROW_012.jpeg,https://changes-ifr.s3.us-east-2.amazonaws.com/ss1/GROW/double/b_first/PresqueIsle_Francis_GROW_011.jpeg,
58746421,T9,[['15.0']],1,1,15,NA,Second row Length Range ,https://changes-ifr.s3.us-east-2.amazonaws.com/ss1/GROW/double/b_first/PresqueIsle_Francis_GROW_012.jpeg,https://changes-ifr.s3.us-east-2.amazonaws.com/ss1/GROW/double/b_first/PresqueIsle_Francis_GROW_011.jpeg,
58746421,T10,[['15.0']],1,1,15,NA,Second row Mean Length ,https://changes-ifr.s3.us-east-2.amazonaws.com/ss1/GROW/double/b_first/PresqueIsle_Francis_GROW_012.jpeg,https://changes-ifr.s3.us-east-2.amazonaws.com/ss1/GROW/double/b_first/PresqueIsle_Francis_GROW_011.jpeg,
58754255,T9,[['12.2']],1,1,12.2,NA,Second row Length Range ,https://changes-ifr.s3.us-east-2.amazonaws.com/ss1/GROW/double/a_first/part1/Clare_Windover_GROW_032.jpg,https://changes-ifr.s3.us-east-2.amazonaws.com/ss1/GROW/double/a_first/part1/Clare_Windover_GROW_033.jpg,
58754324,T32,[['1']],1,1,1,1,6th row Number of Fish ,https://changes-ifr.s3.us-east-2.amazonaws.com/ss1/GROW/double/a_first/part1/Crawford_Shupac_GROW_042.jpg,https://changes-ifr.s3.us-east-2.amazonaws.com/ss1/GROW/double/a_first/part1/Crawford_Shupac_GROW_043.jpg,
58754324,T33,[['27.5']],1,1,27.5,27.5,6th row Length Range ,https://changes-ifr.s3.us-east-2.amazonaws.com/ss1/GROW/double/a_first/part1/Crawford_Shupac_GROW_042.jpg,https://changes-ifr.s3.us-east-2.amazonaws.com/ss1/GROW/double/a_first/part1/Crawford_Shupac_GROW_043.jpg,
58754324,T34,[['27.5']],1,1,27.5,27.5,6th row Mean Length ,https://changes-ifr.s3.us-east-2.amazonaws.com/ss1/GROW/double/a_first/part1/Crawford_Shupac_GROW_042.jpg,https://changes-ifr.s3.us-east-2.amazonaws.com/ss1/GROW/double/a_first/part1/Crawford_Shupac_GROW_043.jpg,
58754612,T3,[['6.1']],1,1,6.1,NA,First row Length Range ,https://changes-ifr.s3.us-east-2.amazonaws.com/ss1/GROW/double/a_first/part1/Houghton_Otter_GROW_113.jpg,https://changes-ifr.s3.us-east-2.amazonaws.com/ss1/GROW/double/a_first/part1/Houghton_Otter_GROW_114.jpg,
58754612,T9,[['11.1']],1,1,11.1,NA,Second row Length Range ,https://changes-ifr.s3.us-east-2.amazonaws.com/ss1/GROW/double/a_first/part1/Houghton_Otter_GROW_113.jpg,https://changes-ifr.s3.us-east-2.amazonaws.com/ss1/GROW/double/a_first/part1/Houghton_Otter_GROW_114.jpg,
58754612,T21,[['24.6']],1,1,24.6,NA,Fourth row Length Range ,https://changes-ifr.s3.us-east-2.amazonaws.com/ss1/GROW/double/a_first/part1/Houghton_Otter_GROW_113.jpg,https://changes-ifr.s3.us-east-2.amazonaws.com/ss1/GROW/double/a_first/part1/Houghton_Otter_GROW_114.jpg,
58754784,T4,"[['9.0', '18.4', '9.00']]",3,1,9,9,First row Mean Length ,https://changes-ifr.s3.us-east-2.amazonaws.com/ss1/GROW/double/a_first/part2/Iron_Long43N_33W_S16-17_GROW_053.jpg,https://changes-ifr.s3.us-east-2.amazonaws.com/ss1/GROW/double/a_first/part2/Iron_Long43N_33W_S16-17_GROW_054.jpg,
58754914,T3,[['17.0']],1,1,17,NA,First row Length Range ,https://changes-ifr.s3.us-east-2.amazonaws.com/ss1/GROW/double/a_first/part2/Jackson_Farwell_GROW_013.jpg,https://changes-ifr.s3.us-east-2.amazonaws.com/ss1/GROW/double/a_first/part2/Jackson_Farwell_GROW_014.jpg,
58754938,T3,[['6.1']],1,1,6.1,NA,First row Length Range ,https://changes-ifr.s3.us-east-2.amazonaws.com/ss1/GROW/double/a_first/part2/Jackson_Portage_GROW_113.jpg,https://changes-ifr.s3.us-east-2.amazonaws.com/ss1/GROW/double/a_first/part2/Jackson_Portage_GROW_114.jpg,
58754945,T3,[['16.0']],1,1,16,NA,First row Length Range ,https://changes-ifr.s3.us-east-2.amazonaws.com/ss1/GROW/double/a_first/part2/Jackson_Swains_GROW_056.jpg,https://changes-ifr.s3.us-east-2.amazonaws.com/ss1/GROW/double/a_first/part2/Jackson_Swains_GROW_057.jpg,
59687879,T14,[['11']],1,1,11,11,Third row Number of Fish ,https://changes-ifr.s3.us-east-2.amazonaws.com/ss2/GROW/b_first/Otsego_Heart_GROW_044.jpeg,https://changes-ifr.s3.us-east-2.amazonaws.com/ss2/GROW/b_first/Otsego_Heart_GROW_043.jpeg,
59687879,T16,[['9.9']],1,1,9.9,9.9,Third row Mean Length ,https://changes-ifr.s3.us-east-2.amazonaws.com/ss2/GROW/b_first/Otsego_Heart_GROW_044.jpeg,https://changes-ifr.s3.us-east-2.amazonaws.com/ss2/GROW/b_first/Otsego_Heart_GROW_043.jpeg,
59962326,T4,"[['11.7', '13.7', '11.7'], ['(9)', '', '']]",3,1.5,11.7 (9),11,First row Mean Length ,https://changes-ifr.s3.us-east-2.amazonaws.com/ss2/GROW/a_first/ALGER_CLOVERLEAF_GROW_0003_1.jpeg,https://changes-ifr.s3.us-east-2.amazonaws.com/ss2/GROW/a_first/ALGER_CLOVERLEAF_GROW_0003_2.jpeg,
59962335,T20,[['1']],1,1,1,NA,Fourth row Number of Fish ,https://changes-ifr.s3.us-east-2.amazonaws.com/ss2/GROW/a_first/ALGER_EASTBAY_GROW_0002_1.jpeg,https://changes-ifr.s3.us-east-2.amazonaws.com/ss2/GROW/a_first/ALGER_EASTBAY_GROW_0002_2.jpeg,
59962335,T21,[['25.0']],1,1,25,NA,Fourth row Length Range ,https://changes-ifr.s3.us-east-2.amazonaws.com/ss2/GROW/a_first/ALGER_EASTBAY_GROW_0002_1.jpeg,https://changes-ifr.s3.us-east-2.amazonaws.com/ss2/GROW/a_first/ALGER_EASTBAY_GROW_0002_2.jpeg,
59962335,T22,[['25.0']],1,1,25,NA,Fourth row Mean Length ,https://changes-ifr.s3.us-east-2.amazonaws.com/ss2/GROW/a_first/ALGER_EASTBAY_GROW_0002_1.jpeg,https://changes-ifr.s3.us-east-2.amazonaws.com/ss2/GROW/a_first/ALGER_EASTBAY_GROW_0002_2.jpeg,
59962495,T3,[['22.7']],1,1,22.7,NA,First row Length Range ,https://changes-ifr.s3.us-east-2.amazonaws.com/ss2/GROW/a_first/ANTRIM_BELLAIRE_GROW_0004_1.jpeg,https://changes-ifr.s3.us-east-2.amazonaws.com/ss2/GROW/a_first/ANTRIM_BELLAIRE_GROW_0004_2.jpeg,
59963067,T3,[['10.5']],1,1,10.5,NA,First row Length Range ,https://changes-ifr.s3.us-east-2.amazonaws.com/ss2/GROW/a_first/Luce_BelleI_FISHs_055.jpg,https://changes-ifr.s3.us-east-2.amazonaws.com/ss2/GROW/a_first/Luce_BelleI_FISHs_056.jpg,
59963067,T9,[['12.3']],1,1,12.3,NA,Second row Length Range ,https://changes-ifr.s3.us-east-2.amazonaws.com/ss2/GROW/a_first/Luce_BelleI_FISHs_055.jpg,https://changes-ifr.s3.us-east-2.amazonaws.com/ss2/GROW/a_first/Luce_BelleI_FISHs_056.jpg,
59963083,T4,"[['14.0', '356', '356(14.0)']]",3,1,14,356,First row Mean Length ,https://changes-ifr.s3.us-east-2.amazonaws.com/ss2/GROW/a_first/Luce_Camp8_FISHs_018.jpg,https://changes-ifr.s3.us-east-2.amazonaws.com/ss2/GROW/a_first/Luce_Camp8_FISHs_019.jpg,mm
59963402,T20,[['1']],1,1,1,NA,Fourth row Number of Fish ,https://changes-ifr.s3.us-east-2.amazonaws.com/ss2/GROW/a_first/Marquette_SquawLittle_GROW_020.jpg,https://changes-ifr.s3.us-east-2.amazonaws.com/ss2/GROW/a_first/Marquette_SquawLittle_GROW_021.jpg,
59963402,T21,[['15.2']],1,1,15.2,NA,Fourth row Length Range ,https://changes-ifr.s3.us-east-2.amazonaws.com/ss2/GROW/a_first/Marquette_SquawLittle_GROW_020.jpg,https://changes-ifr.s3.us-east-2.amazonaws.com/ss2/GROW/a_first/Marquette_SquawLittle_GROW_021.jpg,
59963402,T22,[['15.2']],1,1,15.2,NA,Fourth row Mean Length ,https://changes-ifr.s3.us-east-2.amazonaws.com/ss2/GROW/a_first/Marquette_SquawLittle_GROW_020.jpg,https://changes-ifr.s3.us-east-2.amazonaws.com/ss2/GROW/a_first/Marquette_SquawLittle_GROW_021.jpg,
59963838,T9,[['16.6']],1,1,16.6,NA,Second row Length Range ,https://changes-ifr.s3.us-east-2.amazonaws.com/ss2/GROW/a_first/NEWAYGO_BAPTIST_GROW_0008_1.jpeg,https://changes-ifr.s3.us-east-2.amazonaws.com/ss2/GROW/a_first/NEWAYGO_BAPTIST_GROW_0008_2.jpeg,
59963844,T8,[['1']],1,1,1,NA,Second row Number of Fish ,https://changes-ifr.s3.us-east-2.amazonaws.com/ss2/GROW/a_first/NEWAYGO_BAPTIST_GROW_0009_1.jpeg,https://changes-ifr.s3.us-east-2.amazonaws.com/ss2/GROW/a_first/NEWAYGO_BAPTIST_GROW_0009_2.jpeg,
59963844,T10,[['8.8']],1,1,8.8,NA,Second row Mean Length ,https://changes-ifr.s3.us-east-2.amazonaws.com/ss2/GROW/a_first/NEWAYGO_BAPTIST_GROW_0009_1.jpeg,https://changes-ifr.s3.us-east-2.amazonaws.com/ss2/GROW/a_first/NEWAYGO_BAPTIST_GROW_0009_2.jpeg,
59963955,T10,[['13.4']],1,1,13.4,NA,Second row Mean Length ,https://changes-ifr.s3.us-east-2.amazonaws.com/ss2/GROW/a_first/NEWAYGO_HARDY_GROW_0001_1.jpeg,https://changes-ifr.s3.us-east-2.amazonaws.com/ss2/GROW/a_first/NEWAYGO_HARDY_GROW_0001_2.jpeg,
59963964,T10,[['13.4']],1,1,13.4,NA,Second row Mean Length ,https://changes-ifr.s3.us-east-2.amazonaws.com/ss2/GROW/a_first/NEWAYGO_HARDY_GROW_0008_1.jpeg,https://changes-ifr.s3.us-east-2.amazonaws.com/ss2/GROW/a_first/NEWAYGO_HARDY_GROW_0008_2.jpeg,
59964433,T3,[['15.3']],1,1,15.3,NA,First row Length Range ,https://changes-ifr.s3.us-east-2.amazonaws.com/ss2/GROW/a_first/OGEMAW_GEORGE_GROW_0002_1.jpeg,https://changes-ifr.s3.us-east-2.amazonaws.com/ss2/GROW/a_first/OGEMAW_GEORGE_GROW_0002_2.jpeg,
,,,,,,,,,,
,,,,,,,,,,
,,,,,,,,,,
,,,,,,,,,,
,,,,,,,,,,
,,,,,,,,,,
,,,,,,,,,,
,,,,,,,,,,
,,,,,,,,,,
,,,,,,,,,,
,,,,,,,,,,
,,,,,,,,,,
,,,,,,,,,,
,,,,,,,,,,
,,,,,,,,,,
,,,,,,,,,,
,,,,,,,,,,
,,,,,,,,,,
,,,,,,,,,,
,,,,,,,,,,
,,,,,,,,,,
,,,,,,,,,,
,,,,,,,,,,
,,,,,,,,,,
,,,,,,,,,,
,,,,,,,,,,
,,,,,,,,,,
,,,,,,,,,,
,,,,,,,,,,
,,,,,,,,,,
,,,,,,,,,,
,,,,,,,,,,
,,,,,,,,,,
,,,,,,,,,,
,,,,,,,,,,
,,,,,,,,,,
,,,,,,,,,,
,,,,,,,,,,
,,,,,,,,,,
,,,,,,,,,,
,,,,,,,,,,
,,,,,,,,,,
,,,,,,,,,,
,,,,,,,,,,
,,,,,,,,,,
,,,,,,,,,,
,,,,,,,,,,
,,,,,,,,,,
,,,,,,,,,,
,,,,,,,,,,
,,,,,,,,,,
,,,,,,,,,,
,,,,,,,,,,
,,,,,,,,,,
,,,,,,,,,,
,,,,,,,,,,
,,,,,,,,,,
,,,,,,,,,,
,,,,,,,,,,
,,,,,,,,,,
,,,,,,,,,,
,,,,,,,,,,
,,,,,,,,,,
,,,,,,,,,,
,,,,,,,,,,
,,,,,,,,,,
,,,,,,,,,,
,,,,,,,,,,
,,,,,,,,,,
,,,,,,,,,,
,,,,,,,,,,
,,,,,,,,,,
,,,,,,,,,,
,,,,,,,,,,
,,,,,,,,,,
,,,,,,,,,,
,,,,,,,,,,
,,,,,,,,,,
,,,,,,,,,,
,,,,,,,,,,
,,,,,,,,,,
,,,,,,,,,,
,,,,,,,,,,
,,,,,,,,,,
,,,,,,,,,,
,,,,,,,,,,
,,,,,,,,,,
,,,,,,,,,,
,,,,,,,,,,
,,,,,,,,,,
,,,,,,,,,,
,,,,,,,,,,
,,,,,,,,,,
,,,,,,,,,,
,,,,,,,,,,
,,,,,,,,,,
,,,,,,,,,,
,,,,,,,,,,
,,,,,,,,,,
,,,,,,,,,,
,,,,,,,,,,
,,,,,,,,,,
,,,,,,,,,,
,,,,,,,,,,
,,,,,,,,,,
,,,,,,,,,,
,,,,,,,,,,
,,,,,,,,,,
,,,,,,,,,,
,,,,,,,,,,
,,,,,,,,,,
,,,,,,,,,,
,,,,,,,,,,
,,,,,,,,,,
,,,,,,,,,,
,,,,,,,,,,
,,,,,,,,,,
,,,,,,,,,,
,,,,,,,,,,
,,,,,,,,,,
,,,,,,,,,,
,,,,,,,,,,
,,,,,,,,,,
,,,,,,,,,,
,,,,,,,,,,
,,,,,,,,,,
,,,,,,,,,,
,,,,,,,,,,
,,,,,,,,,,
,,,,,,,,,,
,,,,,,,,,,
,,,,,,,,,,
,,,,,,,,,,
,,,,,,,,,,
,,,,,,,,,,
,,,,,,,,,,
,,,,,,,,,,
,,,,,,,,,,
,,,,,,,,,,
,,,,,,,,,,
,,,,,,,,,,
,,,,,,,,,,
,,,,,,,,,,
,,,,,,,,,,
,,,,,,,,,,
,,,,,,,,,,
,,,,,,,,,,
,,,,,,,,,,
,,,,,,,,,,
,,,,,,,,,,
,,,,,,,,,,
,,,,,,,,,,
,,,,,,,,,,
,,,,,,,,,,
,,,,,,,,,,
,,,,,,,,,,
,,,,,,,,,,
,,,,,,,,,,
,,,,,,,,,,
,,,,,,,,,,
,,,,,,,,,,
,,,,,,,,,,
,,,,,,,,,,
,,,,,,,,,,
,,,,,,,,,,
,,,,,,,,,,
,,,,,,,,,,
,,,,,,,,,,
,,,,,,,,,,
,,,,,,,,,,
,,,,,,,,,,
,,,,,,,,,,
,,,,,,,,,,
,,,,,,,,,,
,,,,,,,,,,
,,,,,,,,,,
,,,,,,,,,,
,,,,,,,,,,
,,,,,,,,,,
,,,,,,,,,,
,,,,,,,,,,
,,,,,,,,,,
,,,,,,,,,,
,,,,,,,,,,
,,,,,,,,,,
,,,,,,,,,,
,,,,,,,,,,
,,,,,,,,,,
,,,,,,,,,,
,,,,,,,,,,
,,,,,,,,,,
,,,,,,,,,,
,,,,,,,,,,
,,,,,,,,,,
,,,,,,,,,,
,,,,,,,,,,
,,,,,,,,,,
,,,,,,,,,,
,,,,,,,,,,
,,,,,,,,,,
,,,,,,,,,,
,,,,,,,,,,
,,,,,,,,,,
,,,,,,,,,,
,,,,,,,,,,
,,,,,,,,,,
,,,,,,,,,,
,,,,,,,,,,
,,,,,,,,,,
,,,,,,,,,,
,,,,,,,,,,
,,,,,,,,,,
,,,,,,,,,,
,,,,,,,,,,
,,,,,,,,,,
,,,,,,,,,,
,,,,,,,,,,
,,,,,,,,,,
,,,,,,,,,,
,,,,,,,,,,
,,,,,,,,,,
,,,,,,,,,,
,,,,,,,,,,
,,,,,,,,,,
,,,,,,,,,,
,,,,,,,,,,
,,,,,,,,,,
,,,,,,,,,,
,,,,,,,,,,
,,,,,,,,,,
,,,,,,,,,,
,,,,,,,,,,
,,,,,,,,,,
,,,,,,,,,,
,,,,,,,,,,
,,,,,,,,,,
,,,,,,,,,,
,,,,,,,,,,
,,,,,,,,,,
,,,,,,,,,,
,,,,,,,,,,
,,,,,,,,,,
,,,,,,,,,,
,,,,,,,,,,
,,,,,,,,,,
,,,,,,,,,,
,,,,,,,,,,
,,,,,,,,,,
,,,,,,,,,,
,,,,,,,,,,
,,,,,,,,,,
,,,,,,,,,,
,,,,,,,,,,
,,,,,,,,,,
,,,,,,,,,,
,,,,,,,,,,
,,,,,,,,,,
,,,,,,,,,,
,,,,,,,,,,
,,,,,,,,,,
,,,,,,,,,,
,,,,,,,,,,
,,,,,,,,,,
,,,,,,,,,,
,,,,,,,,,,
,,,,,,,,,,
,,,,,,,,,,
,,,,,,,,,,
,,,,,,,,,,
,,,,,,,,,,
,,,,,,,,,,
,,,,,,,,,,
,,,,,,,,,,
,,,,,,,,,,
,,,,,,,,,,
,,,,,,,,,,
,,,,,,,,,,
,,,,,,,,,,
,,,,,,,,,,
,,,,,,,,,,
,,,,,,,,,,
,,,,,,,,,,
,,,,,,,,,,
,,,,,,,,,,
,,,,,,,,,,
,,,,,,,,,,
,,,,,,,,,,
,,,,,,,,,,
,,,,,,,,,,
,,,,,,,,,,
,,,,,,,,,,
,,,,,,,,,,
,,,,,,,,,,
,,,,,,,,,,
,,,,,,,,,,
,,,,,,,,,,
,,,,,,,,,,
,,,,,,,,,,
,,,,,,,,,,
,,,,,,,,,,
,,,,,,,,,,
,,,,,,,,,,
,,,,,,,,,,
,,,,,,,,,,
,,,,,,,,,,
,,,,,,,,,,
,,,,,,,,,,
,,,,,,,,,,
,,,,,,,,,,
,,,,,,,,,,
,,,,,,,,,,
,,,,,,,,,,
,,,,,,,,,,
,,,,,,,,,,
,,,,,,,,,,
,,,,,,,,,,
,,,,,,,,,,
,,,,,,,,,,
,,,,,,,,,,
,,,,,,,,,,
,,,,,,,,,,
,,,,,,,,,,
,,,,,,,,,,
,,,,,,,,,,
,,,,,,,,,,
,,,,,,,,,,
,,,,,,,,,,
,,,,,,,,,,
,,,,,,,,,,
,,,,,,,,,,
,,,,,,,,,,
,,,,,,,,,,
,,,,,,,,,,
,,,,,,,,,,
,,,,,,,,,,
,,,,,,,,,,
,,,,,,,,,,
,,,,,,,,,,
,,,,,,,,,,
,,,,,,,,,,
,,,,,,,,,,
,,,,,,,,,,
,,,,,,,,,,
,,,,,,,,,,
,,,,,,,,,,
,,,,,,,,,,
,,,,,,,,,,
,,,,,,,,,,
,,,,,,,,,,
,,,,,,,,,,
,,,,,,,,,,
,,,,,,,,,,
,,,,,,,,,,
,,,,,,,,,,
,,,,,,,,,,
,,,,,,,,,,
,,,,,,,,,,
,,,,,,,,,,
,,,,,,,,,,
,,,,,,,,,,
,,,,,,,,,,
,,,,,,,,,,
,,,,,,,,,,
,,,,,,,,,,
,,,,,,,,,,
,,,,,,,,,,
,,,,,,,,,,
,,,,,,,,,,
,,,,,,,,,,
,,,,,,,,,,
,,,,,,,,,,
,,,,,,,,,,
,,,,,,,,,,
,,,,,,,,,,
,,,,,,,,,,
,,,,,,,,,,
,,,,,,,,,,
,,,,,,,,,,
,,,,,,,,,,
,,,,,,,,,,
,,,,,,,,,,
,,,,,,,,,,
,,,,,,,,,,
,,,,,,,,,,
,,,,,,,,,,
,,,,,,,,,,
,,,,,,,,,,
,,,,,,,,,,
,,,,,,,,,,
,,,,,,,,,,
,,,,,,,,,,
,,,,,,,,,,
,,,,,,,,,,
,,,,,,,,,,
,,,,,,,,,,
,,,,,,,,,,
,,,,,,,,,,
,,,,,,,,,,
,,,,,,,,,,
,,,,,,,,,,
,,,,,,,,,,
,,,,,,,,,,
,,,,,,,,,,
,,,,,,,,,,
,,,,,,,,,,
,,,,,,,,,,
,,,,,,,,,,
,,,,,,,,,,
,,,,,,,,,,
,,,,,,,,,,
,,,,,,,,,,
,,,,,,,,,,
,,,,,,,,,,
,,,,,,,,,,
,,,,,,,,,,
,,,,,,,,,,
,,,,,,,,,,
,,,,,,,,,,
,,,,,,,,,,
,,,,,,,,,,
,,,,,,,,,,
,,,,,,,,,,
,,,,,,,,,,
,,,,,,,,,,
,,,,,,,,,,
,,,,,,,,,,
,,,,,,,,,,
,,,,,,,,,,
,,,,,,,,,,
,,,,,,,,,,
,,,,,,,,,,
,,,,,,,,,,
,,,,,,,,,,
,,,,,,,,,,
,,,,,,,,,,
,,,,,,,,,,
,,,,,,,,,,
,,,,,,,,,,
,,,,,,,,,,
,,,,,,,,,,
,,,,,,,,,,
,,,,,,,,,,
,,,,,,,,,,
,,,,,,,,,,
,,,,,,,,,,
,,,,,,,,,,
,,,,,,,,,,
,,,,,,,,,,
,,,,,,,,,,
,,,,,,,,,,
,,,,,,,,,,
,,,,,,,,,,
,,,,,,,,,,
,,,,,,,,,,
,,,,,,,,,,
,,,,,,,,,,
,,,,,,,,,,
,,,,,,,,,,
,,,,,,,,,,
,,,,,,,,,,
,,,,,,,,,,
,,,,,,,,,,
,,,,,,,,,,
,,,,,,,,,,
,,,,,,,,,,
,,,,,,,,,,
,,,,,,,,,,
,,,,,,,,,,
,,,,,,,,,,
,,,,,,,,,,
,,,,,,,,,,
,,,,,,,,,,
,,,,,,,,,,
,,,,,,,,,,
,,,,,,,,,,
,,,,,,,,,,
,,,,,,,,,,
,,,,,,,,,,
,,,,,,,,,,
,,,,,,,,,,
,,,,,,,,,,
,,,,,,,,,,
,,,,,,,,,,
,,,,,,,,,,
,,,,,,,,,,
,,,,,,,,,,
,,,,,,,,,,
,,,,,,,,,,
,,,,,,,,,,
,,,,,,,,,,
,,,,,,,,,,
,,,,,,,,,,
,,,,,,,,,,
,,,,,,,,,,
,,,,,,,,,,
,,,,,,,,,,
,,,,,,,,,,
,,,,,,,,,,
,,,,,,,,,,
,,,,,,,,,,
,,,,,,,,,,
,,,,,,,,,,
,,,,,,,,,,
,,,,,,,,,,
,,,,,,,,,,
,,,,,,,,,,
,,,,,,,,,,
,,,,,,,,,,
,,,,,,,,,,
,,,,,,,,,,
,,,,,,,,,,
,,,,,,,,,,
,,,,,,,,,,
,,,,,,,,,,
,,,,,,,,,,
,,,,,,,,,,
,,,,,,,,,,
,,,,,,,,,,
,,,,,,,,,,
,,,,,,,,,,
,,,,,,,,,,
,,,,,,,,,,
,,,,,,,,,,
,,,,,,,,,,
,,,,,,,,,,
,,,,,,,,,,
,,,,,,,,,,
,,,,,,,,,,
,,,,,,,,,,
,,,,,,,,,,
,,,,,,,,,,
,,,,,,,,,,
,,,,,,,,,,
,,,,,,,,,,
,,,,,,,,,,
,,,,,,,,,,
,,,,,,,,,,
,,,,,,,,,,
,,,,,,,,,,
,,,,,,,,,,
,,,,,,,,,,
,,,,,,,,,,
,,,,,,,,,,
,,,,,,,,,,
,,,,,,,,,,
,,,,,,,,,,
,,,,,,,,,,
,,,,,,,,,,
,,,,,,,,,,
,,,,,,,,,,
,,,,,,,,,,
,,,,,,,,,,
,,,,,,,,,,
,,,,,,,,,,
,,,,,,,,,,
,,,,,,,,,,
,,,,,,,,,,
,,,,,,,,,,
,,,,,,,,,,
,,,,,,,,,,
,,,,,,,,,,
,,,,,,,,,,
,,,,,,,,,,
,,,,,,,,,,
,,,,,,,,,,
,,,,,,,,,,
,,,,,,,,,,
,,,,,,,,,,
,,,,,,,,,,
,,,,,,,,,,
,,,,,,,,,,
,,,,,,,,,,
,,,,,,,,,,
,,,,,,,,,,
,,,,,,,,,,
,,,,,,,,,,
,,,,,,,,,,
,,,,,,,,,,
,,,,,,,,,,
,,,,,,,,,,
,,,,,,,,,,
,,,,,,,,,,
,,,,,,,,,,
,,,,,,,,,,
,,,,,,,,,,
,,,,,,,,,,
,,,,,,,,,,
,,,,,,,,,,
,,,,,,,,,,
,,,,,,,,,,
,,,,,,,,,,
,,,,,,,,,,
,,,,,,,,,,
,,,,,,,,,,
,,,,,,,,,,
,,,,,,,,,,
,,,,,,,,,,
,,,,,,,,,,
,,,,,,,,,,
,,,,,,,,,,
,,,,,,,,,,
,,,,,,,,,,
,,,,,,,,,,
,,,,,,,,,,
,,,,,,,,,,
,,,,,,,,,,
,,,,,,,,,,
,,,,,,,,,,
,,,,,,,,,,
,,,,,,,,,,
,,,,,,,,,,
,,,,,,,,,,
,,,,,,,,,,
,,,,,,,,,,
,,,,,,,,,,
,,,,,,,,,,
,,,,,,,,,,
,,,,,,,,,,
,,,,,,,,,,
,,,,,,,,,,
,,,,,,,,,,
,,,,,,,,,,
,,,,,,,,,,
,,,,,,,,,,
,,,,,,,,,,
,,,,,,,,,,
,,,,,,,,,,
,,,,,,,,,,
,,,,,,,,,,
,,,,,,,,,,
,,,,,,,,,,
,,,,,,,,,,
,,,,,,,,,,
,,,,,,,,,,
,,,,,,,,,,
,,,,,,,,,,
,,,,,,,,,,
,,,,,,,,,,
,,,,,,,,,,
,,,,,,,,,,
,,,,,,,,,,
,,,,,,,,,,
,,,,,,,,,,
,,,,,,,,,,
,,,,,,,,,,
,,,,,,,,,,
,,,,,,,,,,
,,,,,,,,,,
,,,,,,,,,,
,,,,,,,,,,
,,,,,,,,,,
,,,,,,,,,,
,,,,,,,,,,
,,,,,,,,,,
,,,,,,,,,,
,,,,,,,,,,
,,,,,,,,,,
,,,,,,,,,,
,,,,,,,,,,
,,,,,,,,,,
,,,,,,,,,,
,,,,,,,,,,
,,,,,,,,,,
,,,,,,,,,,
,,,,,,,,,,
,,,,,,,,,,
,,,,,,,,,,
,,,,,,,,,,
,,,,,,,,,,
,,,,,,,,,,
,,,,,,,,,,
,,,,,,,,,,
,,,,,,,,,,
,,,,,,,,,,
,,,,,,,,,,
,,,,,,,,,,
,,,,,,,,,,
,,,,,,,,,,
,,,,,,,,,,
,,,,,,,,,,
,,,,,,,,,,
,,,,,,,,,,
,,,,,,,,,,
,,,,,,,,,,
,,,,,,,,,,
,,,,,,,,,,
,,,,,,,,,,
,,,,,,,,,,
,,,,,,,,,,
,,,,,,,,,,
,,,,,,,,,,
,,,,,,,,,,
,,,,,,,,,,
,,,,,,,,,,
,,,,,,,,,,
,,,,,,,,,,
,,,,,,,,,,
,,,,,,,,,,
,,,,,,,,,,
,,,,,,,,,,
,,,,,,,,,,
,,,,,,,,,,
,,,,,,,,,,
,,,,,,,,,,
,,,,,,,,,,
,,,,,,,,,,
,,,,,,,,,,
,,,,,,,,,,
,,,,,,,,,,
,,,,,,,,,,
,,,,,,,,,,
,,,,,,,,,,
,,,,,,,,,,
,,,,,,,,,,
,,,,,,,,,,
,,,,,,,,,,
,,,,,,,,,,
,,,,,,,,,,
,,,,,,,,,,
,,,,,,,,,,
,,,,,,,,,,
,,,,,,,,,,
,,,,,,,,,,
,,,,,,,,,,
,,,,,,,,,,
,,,,,,,,,,
,,,,,,,,,,
,,,,,,,,,,
,,,,,,,,,,
,,,,,,,,,,
,,,,,,,,,,
,,,,,,,,,,
,,,,,,,,,,
,,,,,,,,,,
,,,,,,,,,,
,,,,,,,,,,
,,,,,,,,,,
,,,,,,,,,,
,,,,,,,,,,
,,,,,,,,,,
,,,,,,,,,,
,,,,,,,,,,
,,,,,,,,,,
,,,,,,,,,,
,,,,,,,,,,
,,,,,,,,,,
,,,,,,,,,,
,,,,,,,,,,
,,,,,,,,,,
,,,,,,,,,,
,,,,,,,,,,
,,,,,,,,,,
,,,,,,,,,,
,,,,,,,,,,
,,,,,,,,,,
,,,,,,,,,,
,,,,,,,,,,
,,,,,,,,,,
,,,,,,,,,,
,,,,,,,,,,
,,,,,,,,,,
,,,,,,,,,,
,,,,,,,,,,
,,,,,,,,,,
,,,,,,,,,,
,,,,,,,,,,
,,,,,,,,,,
,,,,,,,,,,
,,,,,,,,,,
,,,,,,,,,,
,,,,,,,,,,
,,,,,,,,,,
,,,,,,,,,,
,,,,,,,,,,
,,,,,,,,,,
,,,,,,,,,,
,,,,,,,,,,
,,,,,,,,,,
,,,,,,,,,,
,,,,,,,,,,
,,,,,,,,,,
,,,,,,,,,,
,,,,,,,,,,
,,,,,,,,,,
,,,,,,,,,,
,,,,,,,,,,
,,,,,,,,,,
,,,,,,,,,,
,,,,,,,,,,
,,,,,,,,,,
,,,,,,,,,,
,,,,,,,,,,
,,,,,,,,,,
,,,,,,,,,,
,,,,,,,,,,
,,,,,,,,,,
,,,,,,,,,,
,,,,,,,,,,
,,,,,,,,,,
,,,,,,,,,,
,,,,,,,,,,
,,,,,,,,,,
,,,,,,,,,,
,,,,,,,,,,
,,,,,,,,,,
,,,,,,,,,,
,,,,,,,,,,
,,,,,,,,,,
,,,,,,,,,,
,,,,,,,,,,
,,,,,,,,,,
,,,,,,,,,,
,,,,,,,,,,
,,,,,,,,,,
,,,,,,,,,,
,,,,,,,,,,
,,,,,,,,,,
,,,,,,,,,,
,,,,,,,,,,
,,,,,,,,,,
,,,,,,,,,,
,,,,,,,,,,
,,,,,,,,,,
,,,,,,,,,,
,,,,,,,,,,
,,,,,,,,,,
,,,,,,,,,,
,,,,,,,,,,
,,,,,,,,,,
,,,,,,,,,,
,,,,,,,,,,
,,,,,,,,,,
,,,,,,,,,,
,,,,,,,,,,
,,,,,,,,,,
,,,,,,,,,,
,,,,,,,,,,
,,,,,,,,,,
,,,,,,,,,,
,,,,,,,,,,
,,,,,,,,,,
,,,,,,,,,,
,,,,,,,,,,
,,,,,,,,,,
,,,,,,,,,,
,,,,,,,,,,
,,,,,,,,,,
,,,,,,,,,,
,,,,,,,,,,
,,,,,,,,,,
,,,,,,,,,,
,,,,,,,,,,
,,,,,,,,,,
,,,,,,,,,,
,,,,,,,,,,
,,,,,,,,,,
,,,,,,,,,,
,,,,,,,,,,
,,,,,,,,,,
,,,,,,,,,,
,,,,,,,,,,
,,,,,,,,,,
,,,,,,,,,,
,,,,,,,,,,
,,,,,,,,,,
,,,,,,,,,,
,,,,,,,,,,
,,,,,,,,,,
,,,,,,,,,,
,,,,,,,,,,
,,,,,,,,,,
,,,,,,,,,,
,,,,,,,,,,
,,,,,,,,,,
,,,,,,,,,,
,,,,,,,,,,
,,,,,,,,,,
,,,,,,,,,,
,,,,,,,,,,
,,,,,,,,,,
,,,,,,,,,,
,,,,,,,,,,
,,,,,,,,,,
,,,,,,,,,,
,,,,,,,,,,
,,,,,,,,,,
,,,,,,,,,,
,,,,,,,,,,
,,,,,,,,,,
,,,,,,,,,,
,,,,,,,,,,
,,,,,,,,,,
,,,,,,,,,,
,,,,,,,,,,
,,,,,,,,,,
,,,,,,,,,,
,,,,,,,,,,
,,,,,,,,,,
,,,,,,,,,,
,,,,,,,,,,
,,,,,,,,,,
,,,,,,,,,,
,,,,,,,,,,
,,,,,,,,,,
,,,,,,,,,,
,,,,,,,,,,
,,,,,,,,,,
,,,,,,,,,,
,,,,,,,,,,
,,,,,,,,,,
,,,,,,,,,,
,,,,,,,,,,
,,,,,,,,,,
,,,,,,,,,,
,,,,,,,,,,
,,,,,,,,,,
,,,,,,,,,,
,,,,,,,,,,
,,,,,,,,,,
,,,,,,,,,,
,,,,,,,,,,
,,,,,,,,,,
,,,,,,,,,,
,,,,,,,,,,
,,,,,,,,,,
,,,,,,,,,,
,,,,,,,,,,
,,,,,,,,,,
,,,,,,,,,,
,,,,,,,,,,
,,,,,,,,,,
,,,,,,,,,,
,,,,,,,,,,
,,,,,,,,,,
,,,,,,,,,,
,,,,,,,,,,
,,,,,,,,,,
,,,,,,,,,,
,,,,,,,,,,
,,,,,,,,,,
,,,,,,,,,,
,,,,,,,,,,
,,,,,,,,,,
,,,,,,,,,,
,,,,,,,,,,
,,,,,,,,,,
,,,,,,,,,,
,,,,,,,,,,
,,,,,,,,,,
,,,,,,,,,,
,,,,,,,,,,
,,,,,,,,,,
,,,,,,,,,,
,,,,,,,,,,
,,,,,,,,,,
,,,,,,,,,,
,,,,,,,,,,
,,,,,,,,,,
,,,,,,,,,,
,,,,,,,,,,
,,,,,,,,,,
,,,,,,,,,,
,,,,,,,,,,
,,,,,,,,,,