subject_id,column_name,age,age1,age2,age3,review,review2,review3,URL_front,URL_back,notes
58642611,First row age group ,NA,4,NA,NA,1,NA,NA,https://changes-ifr.s3.us-east-2.amazonaws.com/ss1/GROW/single/Alcona_Hubbard_GROW_Doc0991.jpg,,
58642726,First row age group ,5,5,2,NA,2,2,NA,https://changes-ifr.s3.us-east-2.amazonaws.com/ss1/GROW/single/Isabella_Halls_GROW_099.jpg,,
58642732,10th row age group ,NA,4,NA,NA,1,NA,NA,https://changes-ifr.s3.us-east-2.amazonaws.com/ss1/GROW/single/Kalamazoo_Eagle2S_9W_S2_GROW_002.jpg,,
58642732,11th row age group ,NA,5,NA,NA,1,NA,NA,https://changes-ifr.s3.us-east-2.amazonaws.com/ss1/GROW/single/Kalamazoo_Eagle2S_9W_S2_GROW_002.jpg,,
58642732,12th row age group ,NA,6,NA,NA,1,NA,NA,https://changes-ifr.s3.us-east-2.amazonaws.com/ss1/GROW/single/Kalamazoo_Eagle2S_9W_S2_GROW_002.jpg,,
58642732,7th row age group ,NA,1,NA,NA,1,NA,NA,https://changes-ifr.s3.us-east-2.amazonaws.com/ss1/GROW/single/Kalamazoo_Eagle2S_9W_S2_GROW_002.jpg,,
58642732,8th row age group ,NA,2,NA,NA,1,NA,NA,https://changes-ifr.s3.us-east-2.amazonaws.com/ss1/GROW/single/Kalamazoo_Eagle2S_9W_S2_GROW_002.jpg,,
58642732,9th row age group ,NA,3,NA,NA,1,NA,NA,https://changes-ifr.s3.us-east-2.amazonaws.com/ss1/GROW/single/Kalamazoo_Eagle2S_9W_S2_GROW_002.jpg,,
58642767,5th row age group ,NA,4,NA,NA,1,NA,NA,https://changes-ifr.s3.us-east-2.amazonaws.com/ss1/GROW/single/Kent_PineIslandBig_GROW_003.jpg,,
58642767,Fourth row age group ,NA,3,NA,NA,1,NA,NA,https://changes-ifr.s3.us-east-2.amazonaws.com/ss1/GROW/single/Kent_PineIslandBig_GROW_003.jpg,,
58642767,Third row age group ,NA,1,NA,NA,1,NA,NA,https://changes-ifr.s3.us-east-2.amazonaws.com/ss1/GROW/single/Kent_PineIslandBig_GROW_003.jpg,,
58642797,11th row age group ,NA,10,NA,NA,1,NA,NA,https://changes-ifr.s3.us-east-2.amazonaws.com/ss1/GROW/single/Lapeer_Algoe_FISHc_009.jpg,,
58642823,10th row age group ,4,4,NA,NA,1,NA,NA,https://changes-ifr.s3.us-east-2.amazonaws.com/ss1/GROW/single/Oscoda_Loon_GROW_20191210112634423_0001.jpeg,,sm fyke
58642823,6th row age group ,0,0,5,NA,2,1,NA,https://changes-ifr.s3.us-east-2.amazonaws.com/ss1/GROW/single/Oscoda_Loon_GROW_20191210112634423_0001.jpeg,,sm fyke
58642823,7th row age group ,1,1,6,NA,2,1,NA,https://changes-ifr.s3.us-east-2.amazonaws.com/ss1/GROW/single/Oscoda_Loon_GROW_20191210112634423_0001.jpeg,,sm fyke
58642823,8th row age group ,2,2,NA,NA,1,NA,NA,https://changes-ifr.s3.us-east-2.amazonaws.com/ss1/GROW/single/Oscoda_Loon_GROW_20191210112634423_0001.jpeg,,sm fyke
58642823,9th row age group ,3,3,NA,NA,1,NA,NA,https://changes-ifr.s3.us-east-2.amazonaws.com/ss1/GROW/single/Oscoda_Loon_GROW_20191210112634423_0001.jpeg,,sm fyke
58642824,10th row age group ,6,6,NA,NA,1,NA,NA,https://changes-ifr.s3.us-east-2.amazonaws.com/ss1/GROW/single/Oscoda_Loon_GROW_20191210111620367_0001.jpg,,fyke and angling
58642824,6th row age group ,2,2,NA,NA,1,NA,NA,https://changes-ifr.s3.us-east-2.amazonaws.com/ss1/GROW/single/Oscoda_Loon_GROW_20191210111620367_0001.jpg,,fyke and angling
58642824,7th row age group ,3,3,NA,NA,1,NA,NA,https://changes-ifr.s3.us-east-2.amazonaws.com/ss1/GROW/single/Oscoda_Loon_GROW_20191210111620367_0001.jpg,,fyke and angling
58642824,8th row age group ,4,4,NA,NA,1,NA,NA,https://changes-ifr.s3.us-east-2.amazonaws.com/ss1/GROW/single/Oscoda_Loon_GROW_20191210111620367_0001.jpg,,fyke and angling
58642824,9th row age group ,5,5,NA,NA,1,NA,NA,https://changes-ifr.s3.us-east-2.amazonaws.com/ss1/GROW/single/Oscoda_Loon_GROW_20191210111620367_0001.jpg,,fyke and angling
58642876,First row age group ,NA,0,NA,NA,1,NA,NA,https://changes-ifr.s3.us-east-2.amazonaws.com/ss1/GROW/single/VanBuren_VanBuren_Maple_GROW_GROW_9.jpeg,,
58746041,10th row age group ,NA,2,NA,NA,1,NA,NA,https://changes-ifr.s3.us-east-2.amazonaws.com/ss1/GROW/double/b_first/Washtenaw_Dead2_GROW_20200218133112870_0035.jpg,https://changes-ifr.s3.us-east-2.amazonaws.com/ss1/GROW/double/b_first/Washtenaw_Deaad2_GROW_20200218133112870_0036.jpg,back calculation
58746041,11th row age group ,NA,3,NA,NA,1,NA,NA,https://changes-ifr.s3.us-east-2.amazonaws.com/ss1/GROW/double/b_first/Washtenaw_Dead2_GROW_20200218133112870_0035.jpg,https://changes-ifr.s3.us-east-2.amazonaws.com/ss1/GROW/double/b_first/Washtenaw_Deaad2_GROW_20200218133112870_0036.jpg,back calculation
58746041,12th row age group ,NA,4,NA,NA,1,NA,NA,https://changes-ifr.s3.us-east-2.amazonaws.com/ss1/GROW/double/b_first/Washtenaw_Dead2_GROW_20200218133112870_0035.jpg,https://changes-ifr.s3.us-east-2.amazonaws.com/ss1/GROW/double/b_first/Washtenaw_Deaad2_GROW_20200218133112870_0036.jpg,back calculation
58746041,13th row age group ,NA,5,NA,NA,1,NA,NA,https://changes-ifr.s3.us-east-2.amazonaws.com/ss1/GROW/double/b_first/Washtenaw_Dead2_GROW_20200218133112870_0035.jpg,https://changes-ifr.s3.us-east-2.amazonaws.com/ss1/GROW/double/b_first/Washtenaw_Deaad2_GROW_20200218133112870_0036.jpg,back calculation
58746041,14th row age group ,NA,6,NA,NA,1,NA,NA,https://changes-ifr.s3.us-east-2.amazonaws.com/ss1/GROW/double/b_first/Washtenaw_Dead2_GROW_20200218133112870_0035.jpg,https://changes-ifr.s3.us-east-2.amazonaws.com/ss1/GROW/double/b_first/Washtenaw_Deaad2_GROW_20200218133112870_0036.jpg,back calculation
58746041,9th row age group ,NA,1,NA,NA,1,NA,NA,https://changes-ifr.s3.us-east-2.amazonaws.com/ss1/GROW/double/b_first/Washtenaw_Dead2_GROW_20200218133112870_0035.jpg,https://changes-ifr.s3.us-east-2.amazonaws.com/ss1/GROW/double/b_first/Washtenaw_Deaad2_GROW_20200218133112870_0036.jpg,back calculation
58746047,8th row age group ,NA,9,NA,NA,1,NA,NA,https://changes-ifr.s3.us-east-2.amazonaws.com/ss1/GROW/double/b_first/VanBuren_Scott_GROW_055.jpeg,https://changes-ifr.s3.us-east-2.amazonaws.com/ss1/GROW/double/b_first/VanBuren_Scott_GROW_054.jpeg,
58746081,5th row age group ,5,5,NA,NA,1,NA,NA,https://changes-ifr.s3.us-east-2.amazonaws.com/ss1/GROW/double/b_first/VanBuren_Fourteen_GROW_013.jpeg,https://changes-ifr.s3.us-east-2.amazonaws.com/ss1/GROW/double/b_first/VanBuren_Fourteen_GROW_012.jpeg,
58746081,6th row age group ,6,6,NA,NA,1,NA,NA,https://changes-ifr.s3.us-east-2.amazonaws.com/ss1/GROW/double/b_first/VanBuren_Fourteen_GROW_013.jpeg,https://changes-ifr.s3.us-east-2.amazonaws.com/ss1/GROW/double/b_first/VanBuren_Fourteen_GROW_012.jpeg,
58746081,7th row age group ,7,7,NA,NA,1,NA,NA,https://changes-ifr.s3.us-east-2.amazonaws.com/ss1/GROW/double/b_first/VanBuren_Fourteen_GROW_013.jpeg,https://changes-ifr.s3.us-east-2.amazonaws.com/ss1/GROW/double/b_first/VanBuren_Fourteen_GROW_012.jpeg,
58746113,7th row age group ,6,6,7,NA,2,1,NA,https://changes-ifr.s3.us-east-2.amazonaws.com/ss1/GROW/double/b_first/StJoseph_Long_GROW_012.jpeg,https://changes-ifr.s3.us-east-2.amazonaws.com/ss1/GROW/double/b_first/StJoseph_Long_GROW_011.jpeg,
58746164,Second row age group ,7,7,3,NA,2,1,NA,https://changes-ifr.s3.us-east-2.amazonaws.com/ss1/GROW/double/b_first/Schoolcraft_Stueben_GROW_038.jpeg,https://changes-ifr.s3.us-east-2.amazonaws.com/ss1/GROW/double/b_first/Schoolcraft_Stueben_GROW_037.jpeg,
58746164,Third row age group ,NA,7,NA,NA,1,NA,NA,https://changes-ifr.s3.us-east-2.amazonaws.com/ss1/GROW/double/b_first/Schoolcraft_Stueben_GROW_038.jpeg,https://changes-ifr.s3.us-east-2.amazonaws.com/ss1/GROW/double/b_first/Schoolcraft_Stueben_GROW_037.jpeg,
58746191,5th row age group ,7,9,7,NA,1,1,NA,https://changes-ifr.s3.us-east-2.amazonaws.com/ss1/GROW/double/b_first/Schoolcraft_Ross_GROW_044.jpeg,https://changes-ifr.s3.us-east-2.amazonaws.com/ss1/GROW/double/b_first/Schoolcraft_Ross_GROW_043.jpeg,
58746191,6th row age group ,9,10,9,NA,1,1,NA,https://changes-ifr.s3.us-east-2.amazonaws.com/ss1/GROW/double/b_first/Schoolcraft_Ross_GROW_044.jpeg,https://changes-ifr.s3.us-east-2.amazonaws.com/ss1/GROW/double/b_first/Schoolcraft_Ross_GROW_043.jpeg,
58746191,7th row age group ,10,10,NA,NA,1,NA,NA,https://changes-ifr.s3.us-east-2.amazonaws.com/ss1/GROW/double/b_first/Schoolcraft_Ross_GROW_044.jpeg,https://changes-ifr.s3.us-east-2.amazonaws.com/ss1/GROW/double/b_first/Schoolcraft_Ross_GROW_043.jpeg,
58746191,Fourth row age group ,6,7,6,NA,1,1,NA,https://changes-ifr.s3.us-east-2.amazonaws.com/ss1/GROW/double/b_first/Schoolcraft_Ross_GROW_044.jpeg,https://changes-ifr.s3.us-east-2.amazonaws.com/ss1/GROW/double/b_first/Schoolcraft_Ross_GROW_043.jpeg,
58746218,6th row age group ,6,6,7,NA,2,2,NA,https://changes-ifr.s3.us-east-2.amazonaws.com/ss1/GROW/double/b_first/Schoolcraft_LittleBoot_GROW_006.jpeg,https://changes-ifr.s3.us-east-2.amazonaws.com/ss1/GROW/double/b_first/Schoolcraft_LittleBoot_GROW_005.jpeg,
58746218,7th row age group ,7,7,8,NA,2,2,NA,https://changes-ifr.s3.us-east-2.amazonaws.com/ss1/GROW/double/b_first/Schoolcraft_LittleBoot_GROW_006.jpeg,https://changes-ifr.s3.us-east-2.amazonaws.com/ss1/GROW/double/b_first/Schoolcraft_LittleBoot_GROW_005.jpeg,
58746220,10th row age group ,NA,11,NA,NA,1,NA,NA,https://changes-ifr.s3.us-east-2.amazonaws.com/ss1/GROW/double/b_first/Schoolcraft_LittleBoot_GROW_004.jpeg,https://changes-ifr.s3.us-east-2.amazonaws.com/ss1/GROW/double/b_first/Schoolcraft_LittleBoot_GROW_003.jpeg,
58746220,9th row age group ,11,9,8,11,1,1,2,https://changes-ifr.s3.us-east-2.amazonaws.com/ss1/GROW/double/b_first/Schoolcraft_LittleBoot_GROW_004.jpeg,https://changes-ifr.s3.us-east-2.amazonaws.com/ss1/GROW/double/b_first/Schoolcraft_LittleBoot_GROW_003.jpeg,
58746227,5th row age group ,6,6,NA,NA,1,NA,NA,https://changes-ifr.s3.us-east-2.amazonaws.com/ss1/GROW/double/b_first/Schoolcraft_Leg_GROW_106.jpeg,https://changes-ifr.s3.us-east-2.amazonaws.com/ss1/GROW/double/b_first/Schoolcraft_Leg_GROW_105.jpeg,
58746227,6th row age group ,7,7,NA,NA,1,NA,NA,https://changes-ifr.s3.us-east-2.amazonaws.com/ss1/GROW/double/b_first/Schoolcraft_Leg_GROW_106.jpeg,https://changes-ifr.s3.us-east-2.amazonaws.com/ss1/GROW/double/b_first/Schoolcraft_Leg_GROW_105.jpeg,
58746227,First row age group ,2,2,NA,NA,1,NA,NA,https://changes-ifr.s3.us-east-2.amazonaws.com/ss1/GROW/double/b_first/Schoolcraft_Leg_GROW_106.jpeg,https://changes-ifr.s3.us-east-2.amazonaws.com/ss1/GROW/double/b_first/Schoolcraft_Leg_GROW_105.jpeg,
58746227,Fourth row age group ,5,5,NA,NA,1,NA,NA,https://changes-ifr.s3.us-east-2.amazonaws.com/ss1/GROW/double/b_first/Schoolcraft_Leg_GROW_106.jpeg,https://changes-ifr.s3.us-east-2.amazonaws.com/ss1/GROW/double/b_first/Schoolcraft_Leg_GROW_105.jpeg,
58746227,Second row age group ,3,3,NA,NA,1,NA,NA,https://changes-ifr.s3.us-east-2.amazonaws.com/ss1/GROW/double/b_first/Schoolcraft_Leg_GROW_106.jpeg,https://changes-ifr.s3.us-east-2.amazonaws.com/ss1/GROW/double/b_first/Schoolcraft_Leg_GROW_105.jpeg,
58746227,Third row age group ,4,4,NA,NA,1,NA,NA,https://changes-ifr.s3.us-east-2.amazonaws.com/ss1/GROW/double/b_first/Schoolcraft_Leg_GROW_106.jpeg,https://changes-ifr.s3.us-east-2.amazonaws.com/ss1/GROW/double/b_first/Schoolcraft_Leg_GROW_105.jpeg,
58746233,5th row age group ,7,7,6,NA,2,1,NA,https://changes-ifr.s3.us-east-2.amazonaws.com/ss1/GROW/double/b_first/Schoolcraft_Ironjaw_GROW_004.jpeg,https://changes-ifr.s3.us-east-2.amazonaws.com/ss1/GROW/double/b_first/Schoolcraft_Ironjaw_GROW_003.jpeg,
58746240,5th row age group ,6,6,8,NA,2,1,NA,https://changes-ifr.s3.us-east-2.amazonaws.com/ss1/GROW/double/b_first/Schoolcraft_Indian_GROW_126.jpeg,https://changes-ifr.s3.us-east-2.amazonaws.com/ss1/GROW/double/b_first/Schoolcraft_Indian_GROW_125.jpeg,
58746292,Third row age group ,6,6,4,NA,2,1,NA,https://changes-ifr.s3.us-east-2.amazonaws.com/ss1/GROW/double/b_first/Schoolcraft_Crooked_GROW_018.jpeg,https://changes-ifr.s3.us-east-2.amazonaws.com/ss1/GROW/double/b_first/Schoolcraft_Crooked_GROW_017.jpeg,
58746317,First row age group ,4,4,5,NA,2,2,NA,https://changes-ifr.s3.us-east-2.amazonaws.com/ss1/GROW/double/b_first/Schoolcraft_Blush_GROW_002.jpeg,https://changes-ifr.s3.us-east-2.amazonaws.com/ss1/GROW/double/b_first/Schoolcraft_Blush_GROW_001.jpeg,
58746317,Second row age group ,5,5,6,NA,2,1,NA,https://changes-ifr.s3.us-east-2.amazonaws.com/ss1/GROW/double/b_first/Schoolcraft_Blush_GROW_002.jpeg,https://changes-ifr.s3.us-east-2.amazonaws.com/ss1/GROW/double/b_first/Schoolcraft_Blush_GROW_001.jpeg,
58746326,Fourth row age group ,6,6,4,NA,2,1,NA,https://changes-ifr.s3.us-east-2.amazonaws.com/ss1/GROW/double/b_first/Schoolcraft_BigIsland_GROW_096.jpeg,https://changes-ifr.s3.us-east-2.amazonaws.com/ss1/GROW/double/b_first/Schoolcraft_BigIsland_GROW_095.jpeg,
58746331,10th row age group ,10,10,11,NA,2,1,NA,https://changes-ifr.s3.us-east-2.amazonaws.com/ss1/GROW/double/b_first/Schoolcraft_BigBass_GROW_014.jpeg,https://changes-ifr.s3.us-east-2.amazonaws.com/ss1/GROW/double/b_first/Schoolcraft_BigBass_GROW_013.jpeg,
58746331,11th row age group ,11,11,13,NA,2,1,NA,https://changes-ifr.s3.us-east-2.amazonaws.com/ss1/GROW/double/b_first/Schoolcraft_BigBass_GROW_014.jpeg,https://changes-ifr.s3.us-east-2.amazonaws.com/ss1/GROW/double/b_first/Schoolcraft_BigBass_GROW_013.jpeg,
58746331,5th row age group ,4,4,5,NA,2,1,NA,https://changes-ifr.s3.us-east-2.amazonaws.com/ss1/GROW/double/b_first/Schoolcraft_BigBass_GROW_014.jpeg,https://changes-ifr.s3.us-east-2.amazonaws.com/ss1/GROW/double/b_first/Schoolcraft_BigBass_GROW_013.jpeg,
58746331,6th row age group ,5,5,6,NA,2,1,NA,https://changes-ifr.s3.us-east-2.amazonaws.com/ss1/GROW/double/b_first/Schoolcraft_BigBass_GROW_014.jpeg,https://changes-ifr.s3.us-east-2.amazonaws.com/ss1/GROW/double/b_first/Schoolcraft_BigBass_GROW_013.jpeg,
58746331,7th row age group ,6,6,8,NA,2,1,NA,https://changes-ifr.s3.us-east-2.amazonaws.com/ss1/GROW/double/b_first/Schoolcraft_BigBass_GROW_014.jpeg,https://changes-ifr.s3.us-east-2.amazonaws.com/ss1/GROW/double/b_first/Schoolcraft_BigBass_GROW_013.jpeg,
58746331,8th row age group ,8,8,9,NA,2,1,NA,https://changes-ifr.s3.us-east-2.amazonaws.com/ss1/GROW/double/b_first/Schoolcraft_BigBass_GROW_014.jpeg,https://changes-ifr.s3.us-east-2.amazonaws.com/ss1/GROW/double/b_first/Schoolcraft_BigBass_GROW_013.jpeg,
58746331,9th row age group ,9,9,10,NA,2,1,NA,https://changes-ifr.s3.us-east-2.amazonaws.com/ss1/GROW/double/b_first/Schoolcraft_BigBass_GROW_014.jpeg,https://changes-ifr.s3.us-east-2.amazonaws.com/ss1/GROW/double/b_first/Schoolcraft_BigBass_GROW_013.jpeg,
58746356,8th row age group ,NA,10,NA,NA,1,NA,NA,https://changes-ifr.s3.us-east-2.amazonaws.com/ss1/GROW/double/b_first/Roscommon_Houghton_GROW_082.jpeg+C65,https://changes-ifr.s3.us-east-2.amazonaws.com/ss1/GROW/double/b_first/Roscommon_Houghton_GROW_081.jpeg,
58746356,9th row age group ,NA,8,NA,NA,1,NA,NA,https://changes-ifr.s3.us-east-2.amazonaws.com/ss1/GROW/double/b_first/Roscommon_Houghton_GROW_082.jpeg,https://changes-ifr.s3.us-east-2.amazonaws.com/ss1/GROW/double/b_first/Roscommon_Houghton_GROW_081.jpeg,
58746392,First row age group ,3,3,NA,NA,1,NA,NA,https://changes-ifr.s3.us-east-2.amazonaws.com/ss1/GROW/double/b_first/PresqueIsle_Lost_GROW_030.jpeg,https://changes-ifr.s3.us-east-2.amazonaws.com/ss1/GROW/double/b_first/PresqueIsle_Lost_GROW_029.jpeg,
58746394,5th row age group ,NA,6,NA,NA,1,NA,NA,https://changes-ifr.s3.us-east-2.amazonaws.com/ss1/GROW/double/b_first/PresqueIsle_Lost_GROW_002.jpeg,https://changes-ifr.s3.us-east-2.amazonaws.com/ss1/GROW/double/b_first/PresqueIsle_Lost_GROW_001.jpeg,
58746426,5th row age group ,NA,8,NA,NA,1,NA,NA,https://changes-ifr.s3.us-east-2.amazonaws.com/ss1/GROW/double/b_first/PresqueIsle_Ferdleman_GROW_006.jpeg,https://changes-ifr.s3.us-east-2.amazonaws.com/ss1/GROW/double/b_first/PresqueIsle_Ferdleman_GROW_005.jpeg,
58746426,6th row age group ,NA,9,NA,NA,1,NA,NA,https://changes-ifr.s3.us-east-2.amazonaws.com/ss1/GROW/double/b_first/PresqueIsle_Ferdleman_GROW_006.jpeg,https://changes-ifr.s3.us-east-2.amazonaws.com/ss1/GROW/double/b_first/PresqueIsle_Ferdleman_GROW_005.jpeg,
58746426,Fourth row age group ,NA,7,NA,NA,1,NA,NA,https://changes-ifr.s3.us-east-2.amazonaws.com/ss1/GROW/double/b_first/PresqueIsle_Ferdleman_GROW_006.jpeg,https://changes-ifr.s3.us-east-2.amazonaws.com/ss1/GROW/double/b_first/PresqueIsle_Ferdleman_GROW_005.jpeg,
58746452,5th row age group ,NA,6,NA,NA,1,NA,NA,https://changes-ifr.s3.us-east-2.amazonaws.com/ss1/GROW/double/b_first/Ottawa_WestWalker_GROW_002.jpeg,https://changes-ifr.s3.us-east-2.amazonaws.com/ss1/GROW/double/b_first/Ottawa_WestWalker_GROW_001.jpeg,
58746481,First row age group ,NA,3,NA,NA,1,NA,NA,https://changes-ifr.s3.us-east-2.amazonaws.com/ss1/GROW/double/b_first/Ottawa_Crockery_GROW_076.jpeg,https://changes-ifr.s3.us-east-2.amazonaws.com/ss1/GROW/double/b_first/Ottawa_Crockery_GROW_075.jpeg,
58746481,Second row age group ,NA,7,NA,NA,1,NA,NA,https://changes-ifr.s3.us-east-2.amazonaws.com/ss1/GROW/double/b_first/Ottawa_Crockery_GROW_076.jpeg,https://changes-ifr.s3.us-east-2.amazonaws.com/ss1/GROW/double/b_first/Ottawa_Crockery_GROW_075.jpeg,
58746481,Third row age group ,NA,4,NA,NA,1,NA,NA,https://changes-ifr.s3.us-east-2.amazonaws.com/ss1/GROW/double/b_first/Ottawa_Crockery_GROW_076.jpeg,https://changes-ifr.s3.us-east-2.amazonaws.com/ss1/GROW/double/b_first/Ottawa_Crockery_GROW_075.jpeg,
58746485,First row age group ,,0,NA,NA,1,NA,NA,https://changes-ifr.s3.us-east-2.amazonaws.com/ss1/GROW/double/b_first/Otsego_TwentySeven_GROW_012.jpeg,https://changes-ifr.s3.us-east-2.amazonaws.com/ss1/GROW/double/b_first/Otsego_TwentySeven_GROW_011.jpeg,
58746486,5th row age group ,6,2,6,NA,1,1,NA,https://changes-ifr.s3.us-east-2.amazonaws.com/ss1/GROW/double/b_first/Otsego_Round_GROW_054.jpeg,https://changes-ifr.s3.us-east-2.amazonaws.com/ss1/GROW/double/b_first/Otsego_Round_GROW_053.jpeg,
58746486,6th row age group ,7,3,7,NA,1,1,NA,https://changes-ifr.s3.us-east-2.amazonaws.com/ss1/GROW/double/b_first/Otsego_Round_GROW_054.jpeg,https://changes-ifr.s3.us-east-2.amazonaws.com/ss1/GROW/double/b_first/Otsego_Round_GROW_053.jpeg,
58746486,7th row age group ,8,9,8,NA,1,1,NA,https://changes-ifr.s3.us-east-2.amazonaws.com/ss1/GROW/double/b_first/Otsego_Round_GROW_054.jpeg,https://changes-ifr.s3.us-east-2.amazonaws.com/ss1/GROW/double/b_first/Otsego_Round_GROW_053.jpeg,
58746486,8th row age group ,9,9,NA,NA,1,NA,NA,https://changes-ifr.s3.us-east-2.amazonaws.com/ss1/GROW/double/b_first/Otsego_Round_GROW_054.jpeg,https://changes-ifr.s3.us-east-2.amazonaws.com/ss1/GROW/double/b_first/Otsego_Round_GROW_053.jpeg,
58746486,Fourth row age group ,5,1,5,NA,1,1,NA,https://changes-ifr.s3.us-east-2.amazonaws.com/ss1/GROW/double/b_first/Otsego_Round_GROW_054.jpeg,https://changes-ifr.s3.us-east-2.amazonaws.com/ss1/GROW/double/b_first/Otsego_Round_GROW_053.jpeg,
58746486,Third row age group ,4,1,4,NA,2,1,NA,https://changes-ifr.s3.us-east-2.amazonaws.com/ss1/GROW/double/b_first/Otsego_Round_GROW_054.jpeg,https://changes-ifr.s3.us-east-2.amazonaws.com/ss1/GROW/double/b_first/Otsego_Round_GROW_053.jpeg,
58746508,Fourth row age group ,6,6,5,NA,2,1,NA,https://changes-ifr.s3.us-east-2.amazonaws.com/ss1/GROW/double/b_first/Otsego_Otsego_GROW_068.jpeg,https://changes-ifr.s3.us-east-2.amazonaws.com/ss1/GROW/double/b_first/Otsego_Otsego_GROW_067.jpeg,
58746528,First row age group ,5,5,NA,NA,1,NA,NA,https://changes-ifr.s3.us-east-2.amazonaws.com/ss1/GROW/double/b_first/Otsego_Opal_GROW_015.jpeg,https://changes-ifr.s3.us-east-2.amazonaws.com/ss1/GROW/double/b_first/Otsego_Opal_GROW_0100.jpeg,
58746599,6th row age group ,NA,6,NA,NA,1,NA,NA,https://changes-ifr.s3.us-east-2.amazonaws.com/ss1/GROW/double/b_first/Otsego_Bradford_GROW_012.jpeg,https://changes-ifr.s3.us-east-2.amazonaws.com/ss1/GROW/double/b_first/Otsego_Bradford_GROW_011.jpeg,
58746602,5th row age group ,NA,3,NA,NA,1,NA,NA,https://changes-ifr.s3.us-east-2.amazonaws.com/ss1/GROW/double/b_first/Otsego_Big_GROW_040.jpeg,https://changes-ifr.s3.us-east-2.amazonaws.com/ss1/GROW/double/b_first/Otsego_Big_GROW_039.jpeg,
58746602,6th row age group ,NA,2,NA,NA,1,NA,NA,https://changes-ifr.s3.us-east-2.amazonaws.com/ss1/GROW/double/b_first/Otsego_Big_GROW_040.jpeg,https://changes-ifr.s3.us-east-2.amazonaws.com/ss1/GROW/double/b_first/Otsego_Big_GROW_039.jpeg,
58746610,Third row age group ,4,3,4,NA,1,2,NA,https://changes-ifr.s3.us-east-2.amazonaws.com/ss1/GROW/double/b_first/Otsego_Bear_GROW_120.jpeg,https://changes-ifr.s3.us-east-2.amazonaws.com/ss1/GROW/double/b_first/Otsego_Bear_GROW_119.jpeg,
58753951,Second row age group ,4,4,1,NA,2,1,NA,https://changes-ifr.s3.us-east-2.amazonaws.com/ss1/GROW/double/a_first/part1/Cheboygan_Black_GROW_103.jpg,https://changes-ifr.s3.us-east-2.amazonaws.com/ss1/GROW/double/a_first/part1/Cheboygan_Black_GROW_104.jpg,
58753985,Fourth row age group ,,5,7,NA,2,1,NA,,,
58753985,Third row age group ,,4,6,NA,2,1,NA,,,
58754000,First row age group ,,4,NA,NA,1,NA,NA,,,
58754000,Second row age group ,,5,NA,NA,1,NA,NA,,,
58754000,Third row age group ,,6,NA,NA,1,NA,NA,,,
58754003,Second row age group ,,3,2,NA,2,1,NA,,,
58754008,Third row age group ,5,5,4,6,1,2,1,https://changes-ifr.s3.us-east-2.amazonaws.com/ss1/GROW/double/a_first/part1/Cheboygan_Silver33N_3W_S11-12_GROW_037.jpg,https://changes-ifr.s3.us-east-2.amazonaws.com/ss1/GROW/double/a_first/part1/Cheboygan_Silver33N_3W_S11-12_GROW_038.jpg,
58754013,Second row age group ,NA,2,NA,NA,1,NA,NA,https://changes-ifr.s3.us-east-2.amazonaws.com/ss1/GROW/double/a_first/part1/Cheboygan_Silver33N_3W_S11-12_GROW_047.jpg,https://changes-ifr.s3.us-east-2.amazonaws.com/ss1/GROW/double/a_first/part1/Cheboygan_Silver33N_3W_S11-12_GROW_048.jpg,
58754013,Third row age group ,NA,3,NA,NA,1,NA,NA,https://changes-ifr.s3.us-east-2.amazonaws.com/ss1/GROW/double/a_first/part1/Cheboygan_Silver33N_3W_S11-12_GROW_047.jpg,https://changes-ifr.s3.us-east-2.amazonaws.com/ss1/GROW/double/a_first/part1/Cheboygan_Silver33N_3W_S11-12_GROW_048.jpg,
58754018,5th row age group ,NA,3,NA,NA,1,NA,NA,https://changes-ifr.s3.us-east-2.amazonaws.com/ss1/GROW/double/a_first/part1/Cheboygan_Twins_GROW_027.jpg,https://changes-ifr.s3.us-east-2.amazonaws.com/ss1/GROW/double/a_first/part1/Cheboygan_Twins_GROW_028.jpg,
58754018,First row age group ,NA,5,NA,NA,1,NA,NA,https://changes-ifr.s3.us-east-2.amazonaws.com/ss1/GROW/double/a_first/part1/Cheboygan_Twins_GROW_027.jpg,https://changes-ifr.s3.us-east-2.amazonaws.com/ss1/GROW/double/a_first/part1/Cheboygan_Twins_GROW_028.jpg,
58754018,Fourth row age group ,NA,2,NA,NA,1,NA,NA,https://changes-ifr.s3.us-east-2.amazonaws.com/ss1/GROW/double/a_first/part1/Cheboygan_Twins_GROW_027.jpg,https://changes-ifr.s3.us-east-2.amazonaws.com/ss1/GROW/double/a_first/part1/Cheboygan_Twins_GROW_028.jpg,
58754018,Second row age group ,NA,2,NA,NA,1,NA,NA,https://changes-ifr.s3.us-east-2.amazonaws.com/ss1/GROW/double/a_first/part1/Cheboygan_Twins_GROW_027.jpg,https://changes-ifr.s3.us-east-2.amazonaws.com/ss1/GROW/double/a_first/part1/Cheboygan_Twins_GROW_028.jpg,
58754018,Third row age group ,NA,1,NA,NA,1,NA,NA,https://changes-ifr.s3.us-east-2.amazonaws.com/ss1/GROW/double/a_first/part1/Cheboygan_Twins_GROW_027.jpg,https://changes-ifr.s3.us-east-2.amazonaws.com/ss1/GROW/double/a_first/part1/Cheboygan_Twins_GROW_028.jpg,
58754032,5th row age group ,NA,3,NA,NA,1,NA,NA,https://changes-ifr.s3.us-east-2.amazonaws.com/ss1/GROW/double/a_first/part1/Cheboygan_Vincent_GROW_006.jpg,https://changes-ifr.s3.us-east-2.amazonaws.com/ss1/GROW/double/a_first/part1/Cheboygan_Vincent_GROW_007.jpg,
58754032,6th row age group ,NA,6,NA,NA,1,NA,NA,https://changes-ifr.s3.us-east-2.amazonaws.com/ss1/GROW/double/a_first/part1/Cheboygan_Vincent_GROW_006.jpg,https://changes-ifr.s3.us-east-2.amazonaws.com/ss1/GROW/double/a_first/part1/Cheboygan_Vincent_GROW_007.jpg,
58754032,Fourth row age group ,NA,2,NA,NA,1,NA,NA,https://changes-ifr.s3.us-east-2.amazonaws.com/ss1/GROW/double/a_first/part1/Cheboygan_Vincent_GROW_006.jpg,https://changes-ifr.s3.us-east-2.amazonaws.com/ss1/GROW/double/a_first/part1/Cheboygan_Vincent_GROW_007.jpg,
58754069,First row age group ,NA,1,NA,NA,1,NA,NA,https://changes-ifr.s3.us-east-2.amazonaws.com/ss1/GROW/double/a_first/part1/Chippewa_Dukes_GROW_029.jpg,https://changes-ifr.s3.us-east-2.amazonaws.com/ss1/GROW/double/a_first/part1/Chippewa_Dukes_GROW_030.jpg,
58754077,5th row age group ,6,6,NA,NA,1,NA,NA,https://changes-ifr.s3.us-east-2.amazonaws.com/ss1/GROW/double/a_first/part1/Chippewa_Frenchman's_GROW_033.jpg,https://changes-ifr.s3.us-east-2.amazonaws.com/ss1/GROW/double/a_first/part1/Chippewa_Frenchman's_GROW_034.jpg,
58754077,6th row age group ,8,8,NA,NA,1,NA,NA,https://changes-ifr.s3.us-east-2.amazonaws.com/ss1/GROW/double/a_first/part1/Chippewa_Frenchman's_GROW_033.jpg,https://changes-ifr.s3.us-east-2.amazonaws.com/ss1/GROW/double/a_first/part1/Chippewa_Frenchman's_GROW_034.jpg,
58754077,Fourth row age group ,5,5,NA,NA,1,NA,NA,https://changes-ifr.s3.us-east-2.amazonaws.com/ss1/GROW/double/a_first/part1/Chippewa_Frenchman's_GROW_033.jpg,https://changes-ifr.s3.us-east-2.amazonaws.com/ss1/GROW/double/a_first/part1/Chippewa_Frenchman's_GROW_034.jpg,
58754077,Third row age group ,4,4,NA,NA,1,NA,NA,https://changes-ifr.s3.us-east-2.amazonaws.com/ss1/GROW/double/a_first/part1/Chippewa_Frenchman's_GROW_033.jpg,https://changes-ifr.s3.us-east-2.amazonaws.com/ss1/GROW/double/a_first/part1/Chippewa_Frenchman's_GROW_034.jpg,
58754122,5th row age group ,5,5,6,NA,2,1,NA,https://changes-ifr.s3.us-east-2.amazonaws.com/ss1/GROW/double/a_first/part1/Clare_Arnold19N_4W_S2-3_GROW_022.jpg,https://changes-ifr.s3.us-east-2.amazonaws.com/ss1/GROW/double/a_first/part1/Clare_Arnold19N_4W_S2-3_GROW_023.jpg,
58754143,Second row age group ,NA,2,NA,NA,1,NA,NA,https://changes-ifr.s3.us-east-2.amazonaws.com/ss1/GROW/double/a_first/part1/Clare_BigMud_GROW_002.jpg,https://changes-ifr.s3.us-east-2.amazonaws.com/ss1/GROW/double/a_first/part1/Clare_BigMud_GROW_003.jpg,
58754187,5th row age group ,7,6,7,NA,1,2,NA,https://changes-ifr.s3.us-east-2.amazonaws.com/ss1/GROW/double/a_first/part1/Clare_FiveLakes_GROW_018.jpg,https://changes-ifr.s3.us-east-2.amazonaws.com/ss1/GROW/double/a_first/part1/Clare_FiveLakes_GROW_019.jpg,
58754187,6th row age group ,8,7,8,NA,1,2,NA,https://changes-ifr.s3.us-east-2.amazonaws.com/ss1/GROW/double/a_first/part1/Clare_FiveLakes_GROW_018.jpg,https://changes-ifr.s3.us-east-2.amazonaws.com/ss1/GROW/double/a_first/part1/Clare_FiveLakes_GROW_019.jpg,
58754187,7th row age group ,NA,8,NA,NA,1,NA,NA,https://changes-ifr.s3.us-east-2.amazonaws.com/ss1/GROW/double/a_first/part1/Clare_FiveLakes_GROW_018.jpg,https://changes-ifr.s3.us-east-2.amazonaws.com/ss1/GROW/double/a_first/part1/Clare_FiveLakes_GROW_019.jpg,
58754187,Fourth row age group ,6,5,6,NA,1,2,NA,https://changes-ifr.s3.us-east-2.amazonaws.com/ss1/GROW/double/a_first/part1/Clare_FiveLakes_GROW_018.jpg,https://changes-ifr.s3.us-east-2.amazonaws.com/ss1/GROW/double/a_first/part1/Clare_FiveLakes_GROW_019.jpg,
58754201,5th row age group ,6,6,5,NA,2,1,NA,https://changes-ifr.s3.us-east-2.amazonaws.com/ss1/GROW/double/a_first/part1/Clare_Hoister_GROW_006.jpg,https://changes-ifr.s3.us-east-2.amazonaws.com/ss1/GROW/double/a_first/part1/Clare_Hoister_GROW_007.jpg,
58754227,Second row age group ,3,3,2,NA,2,1,NA,https://changes-ifr.s3.us-east-2.amazonaws.com/ss1/GROW/double/a_first/part1/Clare_Shamrock_GROW_011.jpg,https://changes-ifr.s3.us-east-2.amazonaws.com/ss1/GROW/double/a_first/part1/Clare_Shamrock_GROW_012.jpg,
58754279,First row age group ,NA,3,NA,NA,1,NA,NA,https://changes-ifr.s3.us-east-2.amazonaws.com/ss1/GROW/double/a_first/part1/Crawford_Floyd_GROW_007.jpg,https://changes-ifr.s3.us-east-2.amazonaws.com/ss1/GROW/double/a_first/part1/Crawford_Floyd_GROW_008.jpg,
58754301,Second row age group ,6,6,4,NA,2,2,NA,https://changes-ifr.s3.us-east-2.amazonaws.com/ss1/GROW/double/a_first/part1/Crawford_Jones_GROW_030.jpg,https://changes-ifr.s3.us-east-2.amazonaws.com/ss1/GROW/double/a_first/part1/Crawford_Jones_GROW_031.jpg,
58754306,6th row age group ,6,7,6,NA,2,2,NA,https://changes-ifr.s3.us-east-2.amazonaws.com/ss1/GROW/double/a_first/part1/Crawford_Jones_GROW_056.jpg,https://changes-ifr.s3.us-east-2.amazonaws.com/ss1/GROW/double/a_first/part1/Crawford_Jones_GROW_057.jpg,
58754306,7th row age group ,7,8,7,NA,2,2,NA,https://changes-ifr.s3.us-east-2.amazonaws.com/ss1/GROW/double/a_first/part1/Crawford_Jones_GROW_056.jpg,https://changes-ifr.s3.us-east-2.amazonaws.com/ss1/GROW/double/a_first/part1/Crawford_Jones_GROW_057.jpg,
58754306,8th row age group ,8,9,8,NA,2,2,NA,https://changes-ifr.s3.us-east-2.amazonaws.com/ss1/GROW/double/a_first/part1/Crawford_Jones_GROW_056.jpg,https://changes-ifr.s3.us-east-2.amazonaws.com/ss1/GROW/double/a_first/part1/Crawford_Jones_GROW_057.jpg,
58754335,5th row age group ,,7,NA,NA,1,NA,NA,,,
58754335,6th row age group ,,8,NA,NA,1,NA,NA,,,
58754335,7th row age group ,,9,NA,NA,1,NA,NA,,,
58754335,First row age group ,,3,NA,NA,1,NA,NA,,,
58754335,Fourth row age group ,,6,NA,NA,1,NA,NA,,,
58754335,Second row age group ,,4,NA,NA,1,NA,NA,,,
58754335,Third row age group ,,5,NA,NA,1,NA,NA,,,
58754337,5th row age group ,NA,2,NA,NA,1,NA,NA,https://changes-ifr.s3.us-east-2.amazonaws.com/ss1/GROW/double/a_first/part1/Crawford_Wakeley_GROW_014.jpg,https://changes-ifr.s3.us-east-2.amazonaws.com/ss1/GROW/double/a_first/part1/Crawford_Wakeley_GROW_015.jpg,
58754337,6th row age group ,NA,3,NA,NA,1,NA,NA,https://changes-ifr.s3.us-east-2.amazonaws.com/ss1/GROW/double/a_first/part1/Crawford_Wakeley_GROW_014.jpg,https://changes-ifr.s3.us-east-2.amazonaws.com/ss1/GROW/double/a_first/part1/Crawford_Wakeley_GROW_015.jpg,
58754337,7th row age group ,NA,4,NA,NA,1,NA,NA,https://changes-ifr.s3.us-east-2.amazonaws.com/ss1/GROW/double/a_first/part1/Crawford_Wakeley_GROW_014.jpg,https://changes-ifr.s3.us-east-2.amazonaws.com/ss1/GROW/double/a_first/part1/Crawford_Wakeley_GROW_015.jpg,
58754337,8th row age group ,NA,5,NA,NA,1,NA,NA,https://changes-ifr.s3.us-east-2.amazonaws.com/ss1/GROW/double/a_first/part1/Crawford_Wakeley_GROW_014.jpg,https://changes-ifr.s3.us-east-2.amazonaws.com/ss1/GROW/double/a_first/part1/Crawford_Wakeley_GROW_015.jpg,
58754403,5th row age group ,NA,3,NA,NA,1,NA,NA,https://changes-ifr.s3.us-east-2.amazonaws.com/ss1/GROW/double/a_first/part1/Gladwin_Wixom_GROW_076.jpg,https://changes-ifr.s3.us-east-2.amazonaws.com/ss1/GROW/double/a_first/part1/Gladwin_Wixom_GROW_077.jpg,
58754403,6th row age group ,NA,4,NA,NA,1,NA,NA,https://changes-ifr.s3.us-east-2.amazonaws.com/ss1/GROW/double/a_first/part1/Gladwin_Wixom_GROW_076.jpg,https://changes-ifr.s3.us-east-2.amazonaws.com/ss1/GROW/double/a_first/part1/Gladwin_Wixom_GROW_077.jpg,
58754403,Fourth row age group ,NA,2,NA,NA,1,NA,NA,https://changes-ifr.s3.us-east-2.amazonaws.com/ss1/GROW/double/a_first/part1/Gladwin_Wixom_GROW_076.jpg,https://changes-ifr.s3.us-east-2.amazonaws.com/ss1/GROW/double/a_first/part1/Gladwin_Wixom_GROW_077.jpg,
58754490,Fourth row age group ,5,5,6,NA,2,2,NA,https://changes-ifr.s3.us-east-2.amazonaws.com/ss1/GROW/double/a_first/part1/Gogebic_Record_GROW_006.jpg,https://changes-ifr.s3.us-east-2.amazonaws.com/ss1/GROW/double/a_first/part1/Gogebic_Record_GROW_007.jpg,
58754510,5th row age group ,7,7,8,NA,2,1,NA,https://changes-ifr.s3.us-east-2.amazonaws.com/ss1/GROW/double/a_first/part1/GrandTraverse_Arbutus_GROW_095.jpg,https://changes-ifr.s3.us-east-2.amazonaws.com/ss1/GROW/double/a_first/part1/GrandTraverse_Arbutus_GROW_096.jpg,
58754510,Fourth row age group ,6,6,7,NA,2,1,NA,https://changes-ifr.s3.us-east-2.amazonaws.com/ss1/GROW/double/a_first/part1/GrandTraverse_Arbutus_GROW_095.jpg,https://changes-ifr.s3.us-east-2.amazonaws.com/ss1/GROW/double/a_first/part1/GrandTraverse_Arbutus_GROW_096.jpg,
58754527,7th row age group ,11,11,9,NA,1,1,NA,https://changes-ifr.s3.us-east-2.amazonaws.com/ss1/GROW/double/a_first/part1/GrandTraverse_Chandler_GROW_014.jpg,https://changes-ifr.s3.us-east-2.amazonaws.com/ss1/GROW/double/a_first/part1/GrandTraverse_Chandler_GROW_015.jpg,
58754527,First row age group ,3,4,3,NA,2,2,NA,https://changes-ifr.s3.us-east-2.amazonaws.com/ss1/GROW/double/a_first/part1/GrandTraverse_Chandler_GROW_014.jpg,https://changes-ifr.s3.us-east-2.amazonaws.com/ss1/GROW/double/a_first/part1/GrandTraverse_Chandler_GROW_015.jpg,
58754534,First row age group ,2,2,NA,NA,1,NA,NA,https://changes-ifr.s3.us-east-2.amazonaws.com/ss1/GROW/double/a_first/part1/GrandTraverse_Fife_GROW_155.jpg,https://changes-ifr.s3.us-east-2.amazonaws.com/ss1/GROW/double/a_first/part1/GrandTraverse_Fife_GROW_156.jpg,
58754534,Second row age group ,4,4,NA,NA,1,NA,NA,https://changes-ifr.s3.us-east-2.amazonaws.com/ss1/GROW/double/a_first/part1/GrandTraverse_Fife_GROW_155.jpg,https://changes-ifr.s3.us-east-2.amazonaws.com/ss1/GROW/double/a_first/part1/GrandTraverse_Fife_GROW_156.jpg,
58754534,Third row age group ,7,6,NA,NA,1,NA,NA,https://changes-ifr.s3.us-east-2.amazonaws.com/ss1/GROW/double/a_first/part1/GrandTraverse_Fife_GROW_155.jpg,https://changes-ifr.s3.us-east-2.amazonaws.com/ss1/GROW/double/a_first/part1/GrandTraverse_Fife_GROW_156.jpg,
58754541,5th row age group ,7,7,NA,NA,1,NA,NA,https://changes-ifr.s3.us-east-2.amazonaws.com/ss1/GROW/double/a_first/part1/GrandTraverse_Fife_GROW_186.jpg,https://changes-ifr.s3.us-east-2.amazonaws.com/ss1/GROW/double/a_first/part1/GrandTraverse_Fife_GROW_187.jpg,
58754541,First row age group ,3,3,NA,NA,1,NA,NA,https://changes-ifr.s3.us-east-2.amazonaws.com/ss1/GROW/double/a_first/part1/GrandTraverse_Fife_GROW_186.jpg,https://changes-ifr.s3.us-east-2.amazonaws.com/ss1/GROW/double/a_first/part1/GrandTraverse_Fife_GROW_187.jpg,
58754541,Fourth row age group ,6,6,NA,NA,1,NA,NA,https://changes-ifr.s3.us-east-2.amazonaws.com/ss1/GROW/double/a_first/part1/GrandTraverse_Fife_GROW_186.jpg,https://changes-ifr.s3.us-east-2.amazonaws.com/ss1/GROW/double/a_first/part1/GrandTraverse_Fife_GROW_187.jpg,
58754541,Second row age group ,4,4,NA,NA,1,NA,NA,https://changes-ifr.s3.us-east-2.amazonaws.com/ss1/GROW/double/a_first/part1/GrandTraverse_Fife_GROW_186.jpg,https://changes-ifr.s3.us-east-2.amazonaws.com/ss1/GROW/double/a_first/part1/GrandTraverse_Fife_GROW_187.jpg,
58754541,Third row age group ,5,5,NA,NA,1,NA,NA,https://changes-ifr.s3.us-east-2.amazonaws.com/ss1/GROW/double/a_first/part1/GrandTraverse_Fife_GROW_186.jpg,https://changes-ifr.s3.us-east-2.amazonaws.com/ss1/GROW/double/a_first/part1/GrandTraverse_Fife_GROW_187.jpg,
58754546,5th row age group ,7,6,7,NA,1,2,NA,https://changes-ifr.s3.us-east-2.amazonaws.com/ss1/GROW/double/a_first/part1/GrandTraverse_Green_GROW_079.jpg,https://changes-ifr.s3.us-east-2.amazonaws.com/ss1/GROW/double/a_first/part1/GrandTraverse_Green_GROW_080.jpg,
58754546,Fourth row age group ,6,7,6,NA,1,2,NA,https://changes-ifr.s3.us-east-2.amazonaws.com/ss1/GROW/double/a_first/part1/GrandTraverse_Green_GROW_079.jpg,https://changes-ifr.s3.us-east-2.amazonaws.com/ss1/GROW/double/a_first/part1/GrandTraverse_Green_GROW_080.jpg,
58754582,Fourth row age group ,6,4,6,NA,1,2,NA,https://changes-ifr.s3.us-east-2.amazonaws.com/ss1/GROW/double/a_first/part1/Hillsdale_Bear_GROW_108.jpg,https://changes-ifr.s3.us-east-2.amazonaws.com/ss1/GROW/double/a_first/part1/Hillsdale_Bear_GROW_109.jpg,
58754595,5th row age group ,5,5,6,NA,2,2,NA,https://changes-ifr.s3.us-east-2.amazonaws.com/ss1/GROW/double/a_first/part1/Hillsdale_Hemlock_GROW_059.jpg,https://changes-ifr.s3.us-east-2.amazonaws.com/ss1/GROW/double/a_first/part1/Hillsdale_Hemlock_GROW_060.jpg,
58754595,6th row age group ,6,6,7,NA,2,2,NA,https://changes-ifr.s3.us-east-2.amazonaws.com/ss1/GROW/double/a_first/part1/Hillsdale_Hemlock_GROW_059.jpg,https://changes-ifr.s3.us-east-2.amazonaws.com/ss1/GROW/double/a_first/part1/Hillsdale_Hemlock_GROW_060.jpg,
58754595,7th row age group ,7,7,8,NA,2,2,NA,https://changes-ifr.s3.us-east-2.amazonaws.com/ss1/GROW/double/a_first/part1/Hillsdale_Hemlock_GROW_059.jpg,https://changes-ifr.s3.us-east-2.amazonaws.com/ss1/GROW/double/a_first/part1/Hillsdale_Hemlock_GROW_060.jpg,
58754595,8th row age group ,8,7,8,NA,1,1,NA,https://changes-ifr.s3.us-east-2.amazonaws.com/ss1/GROW/double/a_first/part1/Hillsdale_Hemlock_GROW_059.jpg,https://changes-ifr.s3.us-east-2.amazonaws.com/ss1/GROW/double/a_first/part1/Hillsdale_Hemlock_GROW_060.jpg,
58754595,Fourth row age group ,4,4,5,NA,2,2,NA,https://changes-ifr.s3.us-east-2.amazonaws.com/ss1/GROW/double/a_first/part1/Hillsdale_Hemlock_GROW_059.jpg,https://changes-ifr.s3.us-east-2.amazonaws.com/ss1/GROW/double/a_first/part1/Hillsdale_Hemlock_GROW_060.jpg,
58754595,Second row age group ,2,2,3,NA,2,2,NA,https://changes-ifr.s3.us-east-2.amazonaws.com/ss1/GROW/double/a_first/part1/Hillsdale_Hemlock_GROW_059.jpg,https://changes-ifr.s3.us-east-2.amazonaws.com/ss1/GROW/double/a_first/part1/Hillsdale_Hemlock_GROW_060.jpg,
58754595,Third row age group ,3,3,4,NA,2,2,NA,https://changes-ifr.s3.us-east-2.amazonaws.com/ss1/GROW/double/a_first/part1/Hillsdale_Hemlock_GROW_059.jpg,https://changes-ifr.s3.us-east-2.amazonaws.com/ss1/GROW/double/a_first/part1/Hillsdale_Hemlock_GROW_060.jpg,
58754608,9th row age group ,NA,10,NA,NA,1,NA,NA,https://changes-ifr.s3.us-east-2.amazonaws.com/ss1/GROW/double/a_first/part1/Houghton_Estes_GROW_005.jpg,https://changes-ifr.s3.us-east-2.amazonaws.com/ss1/GROW/double/a_first/part1/Houghton_Estes_GROW_006.jpg,
58754642,5th row age group ,7,8,7,NA,2,2,NA,https://changes-ifr.s3.us-east-2.amazonaws.com/ss1/GROW/double/a_first/part1/Ionia_Long_GROW_021.jpg,https://changes-ifr.s3.us-east-2.amazonaws.com/ss1/GROW/double/a_first/part1/Ionia_Long_GROW_022.jpg,
58754685,6th row age group ,NA,6,NA,NA,1,NA,NA,https://changes-ifr.s3.us-east-2.amazonaws.com/ss1/GROW/double/a_first/part2/Iosco_Sand_GROW_012.jpg,https://changes-ifr.s3.us-east-2.amazonaws.com/ss1/GROW/double/a_first/part2/Iosco_Sand_GROW_013.jpg,
58754694,10th row age group ,NA,12,NA,NA,1,NA,NA,https://changes-ifr.s3.us-east-2.amazonaws.com/ss1/GROW/double/a_first/part2/Iron_Bone_GROW_014.jpg,https://changes-ifr.s3.us-east-2.amazonaws.com/ss1/GROW/double/a_first/part2/Iron_Bone_GROW_015.jpg,
58754694,11th row age group ,NA,13,NA,NA,1,NA,NA,https://changes-ifr.s3.us-east-2.amazonaws.com/ss1/GROW/double/a_first/part2/Iron_Bone_GROW_014.jpg,https://changes-ifr.s3.us-east-2.amazonaws.com/ss1/GROW/double/a_first/part2/Iron_Bone_GROW_015.jpg,
58754694,5th row age group ,NA,7,NA,NA,1,NA,NA,https://changes-ifr.s3.us-east-2.amazonaws.com/ss1/GROW/double/a_first/part2/Iron_Bone_GROW_014.jpg,https://changes-ifr.s3.us-east-2.amazonaws.com/ss1/GROW/double/a_first/part2/Iron_Bone_GROW_015.jpg,
58754694,6th row age group ,NA,8,NA,NA,1,NA,NA,https://changes-ifr.s3.us-east-2.amazonaws.com/ss1/GROW/double/a_first/part2/Iron_Bone_GROW_014.jpg,https://changes-ifr.s3.us-east-2.amazonaws.com/ss1/GROW/double/a_first/part2/Iron_Bone_GROW_015.jpg,
58754694,7th row age group ,NA,9,NA,NA,1,NA,NA,https://changes-ifr.s3.us-east-2.amazonaws.com/ss1/GROW/double/a_first/part2/Iron_Bone_GROW_014.jpg,https://changes-ifr.s3.us-east-2.amazonaws.com/ss1/GROW/double/a_first/part2/Iron_Bone_GROW_015.jpg,
58754694,8th row age group ,NA,10,NA,NA,1,NA,NA,https://changes-ifr.s3.us-east-2.amazonaws.com/ss1/GROW/double/a_first/part2/Iron_Bone_GROW_014.jpg,https://changes-ifr.s3.us-east-2.amazonaws.com/ss1/GROW/double/a_first/part2/Iron_Bone_GROW_015.jpg,
58754694,9th row age group ,NA,11,NA,NA,1,NA,NA,https://changes-ifr.s3.us-east-2.amazonaws.com/ss1/GROW/double/a_first/part2/Iron_Bone_GROW_014.jpg,https://changes-ifr.s3.us-east-2.amazonaws.com/ss1/GROW/double/a_first/part2/Iron_Bone_GROW_015.jpg,
58754694,First row age group ,NA,3,NA,NA,1,NA,NA,https://changes-ifr.s3.us-east-2.amazonaws.com/ss1/GROW/double/a_first/part2/Iron_Bone_GROW_014.jpg,https://changes-ifr.s3.us-east-2.amazonaws.com/ss1/GROW/double/a_first/part2/Iron_Bone_GROW_015.jpg,
58754694,Fourth row age group ,NA,6,NA,NA,1,NA,NA,https://changes-ifr.s3.us-east-2.amazonaws.com/ss1/GROW/double/a_first/part2/Iron_Bone_GROW_014.jpg,https://changes-ifr.s3.us-east-2.amazonaws.com/ss1/GROW/double/a_first/part2/Iron_Bone_GROW_015.jpg,
58754694,Second row age group ,NA,4,NA,NA,1,NA,NA,https://changes-ifr.s3.us-east-2.amazonaws.com/ss1/GROW/double/a_first/part2/Iron_Bone_GROW_014.jpg,https://changes-ifr.s3.us-east-2.amazonaws.com/ss1/GROW/double/a_first/part2/Iron_Bone_GROW_015.jpg,
58754694,Third row age group ,NA,5,NA,NA,1,NA,NA,https://changes-ifr.s3.us-east-2.amazonaws.com/ss1/GROW/double/a_first/part2/Iron_Bone_GROW_014.jpg,https://changes-ifr.s3.us-east-2.amazonaws.com/ss1/GROW/double/a_first/part2/Iron_Bone_GROW_015.jpg,
58754708,Fourth row age group ,NA,3,NA,NA,1,NA,NA,https://changes-ifr.s3.us-east-2.amazonaws.com/ss1/GROW/double/a_first/part2/Iron_Camp_GROW_081.jpg,https://changes-ifr.s3.us-east-2.amazonaws.com/ss1/GROW/double/a_first/part2/Iron_Camp_GROW_082.jpg,
58754734,5th row age group ,6,6,7,NA,2,1,NA,https://changes-ifr.s3.us-east-2.amazonaws.com/ss1/GROW/double/a_first/part2/Iron_Deer_GROW_052.jpg,https://changes-ifr.s3.us-east-2.amazonaws.com/ss1/GROW/double/a_first/part2/Iron_Deer_GROW_053.jpg,
58754734,6th row age group ,7,7,8,NA,2,1,NA,https://changes-ifr.s3.us-east-2.amazonaws.com/ss1/GROW/double/a_first/part2/Iron_Deer_GROW_052.jpg,https://changes-ifr.s3.us-east-2.amazonaws.com/ss1/GROW/double/a_first/part2/Iron_Deer_GROW_053.jpg,
58754745,8th row age group ,11,11,8,NA,2,1,NA,https://changes-ifr.s3.us-east-2.amazonaws.com/ss1/GROW/double/a_first/part2/Iron_Fire_GROW_044.jpg,https://changes-ifr.s3.us-east-2.amazonaws.com/ss1/GROW/double/a_first/part2/Iron_Fire_GROW_045.jpg,
58754745,9th row age group ,NA,11,NA,NA,1,NA,NA,https://changes-ifr.s3.us-east-2.amazonaws.com/ss1/GROW/double/a_first/part2/Iron_Fire_GROW_044.jpg,https://changes-ifr.s3.us-east-2.amazonaws.com/ss1/GROW/double/a_first/part2/Iron_Fire_GROW_045.jpg,
58754846,5th row age group ,NA,2,NA,NA,1,NA,NA,https://changes-ifr.s3.us-east-2.amazonaws.com/ss1/GROW/double/a_first/part2/Iron_Stanley_GROW_050.jpg,https://changes-ifr.s3.us-east-2.amazonaws.com/ss1/GROW/double/a_first/part2/Iron_Stanley_GROW_051.jpg,
58754846,6th row age group ,NA,0,NA,NA,1,NA,NA,https://changes-ifr.s3.us-east-2.amazonaws.com/ss1/GROW/double/a_first/part2/Iron_Stanley_GROW_050.jpg,https://changes-ifr.s3.us-east-2.amazonaws.com/ss1/GROW/double/a_first/part2/Iron_Stanley_GROW_051.jpg,
58754846,7th row age group ,NA,0,NA,NA,1,NA,NA,https://changes-ifr.s3.us-east-2.amazonaws.com/ss1/GROW/double/a_first/part2/Iron_Stanley_GROW_050.jpg,https://changes-ifr.s3.us-east-2.amazonaws.com/ss1/GROW/double/a_first/part2/Iron_Stanley_GROW_051.jpg,
58754846,First row age group ,NA,0,NA,NA,1,NA,NA,https://changes-ifr.s3.us-east-2.amazonaws.com/ss1/GROW/double/a_first/part2/Iron_Stanley_GROW_050.jpg,https://changes-ifr.s3.us-east-2.amazonaws.com/ss1/GROW/double/a_first/part2/Iron_Stanley_GROW_051.jpg,
58754846,Fourth row age group ,NA,1,NA,NA,1,NA,NA,https://changes-ifr.s3.us-east-2.amazonaws.com/ss1/GROW/double/a_first/part2/Iron_Stanley_GROW_050.jpg,https://changes-ifr.s3.us-east-2.amazonaws.com/ss1/GROW/double/a_first/part2/Iron_Stanley_GROW_051.jpg,
58754846,Second row age group ,NA,1,NA,NA,1,NA,NA,https://changes-ifr.s3.us-east-2.amazonaws.com/ss1/GROW/double/a_first/part2/Iron_Stanley_GROW_050.jpg,https://changes-ifr.s3.us-east-2.amazonaws.com/ss1/GROW/double/a_first/part2/Iron_Stanley_GROW_051.jpg,
58754846,Third row age group ,NA,0,NA,NA,1,NA,NA,https://changes-ifr.s3.us-east-2.amazonaws.com/ss1/GROW/double/a_first/part2/Iron_Stanley_GROW_050.jpg,https://changes-ifr.s3.us-east-2.amazonaws.com/ss1/GROW/double/a_first/part2/Iron_Stanley_GROW_051.jpg,
58754914,6th row age group ,7,7,8,NA,2,1,NA,https://changes-ifr.s3.us-east-2.amazonaws.com/ss1/GROW/double/a_first/part2/Jackson_Farwell_GROW_013.jpg,https://changes-ifr.s3.us-east-2.amazonaws.com/ss1/GROW/double/a_first/part2/Jackson_Farwell_GROW_014.jpg,
58754918,Fourth row age group ,7,7,6,NA,2,1,NA,https://changes-ifr.s3.us-east-2.amazonaws.com/ss1/GROW/double/a_first/part2/Jackson_Gilletts_GROW_028.jpg,https://changes-ifr.s3.us-east-2.amazonaws.com/ss1/GROW/double/a_first/part2/Jackson_Gilletts_GROW_029.jpg,
58754918,Second row age group ,5,5,1,NA,2,1,NA,https://changes-ifr.s3.us-east-2.amazonaws.com/ss1/GROW/double/a_first/part2/Jackson_Gilletts_GROW_028.jpg,https://changes-ifr.s3.us-east-2.amazonaws.com/ss1/GROW/double/a_first/part2/Jackson_Gilletts_GROW_029.jpg,
58754930,6th row age group ,6,7,6,NA,2,1,NA,https://changes-ifr.s3.us-east-2.amazonaws.com/ss1/GROW/double/a_first/part2/Jackson_Norvell_GROW_014.jpg,https://changes-ifr.s3.us-east-2.amazonaws.com/ss1/GROW/double/a_first/part2/Jackson_Norvell_GROW_015.jpg,
58754930,7th row age group ,7,8,7,NA,1,1,NA,https://changes-ifr.s3.us-east-2.amazonaws.com/ss1/GROW/double/a_first/part2/Jackson_Norvell_GROW_014.jpg,https://changes-ifr.s3.us-east-2.amazonaws.com/ss1/GROW/double/a_first/part2/Jackson_Norvell_GROW_015.jpg,
58755005,10th row age group ,NA,10,NA,NA,1,NA,NA,https://changes-ifr.s3.us-east-2.amazonaws.com/ss1/GROW/double/a_first/part2/Kalkaska_Log_GROW_027.jpg,https://changes-ifr.s3.us-east-2.amazonaws.com/ss1/GROW/double/a_first/part2/Kalkaska_Log_GROW_028.jpg,
58755005,9th row age group ,NA,9,NA,NA,1,NA,NA,https://changes-ifr.s3.us-east-2.amazonaws.com/ss1/GROW/double/a_first/part2/Kalkaska_Log_GROW_027.jpg,https://changes-ifr.s3.us-east-2.amazonaws.com/ss1/GROW/double/a_first/part2/Kalkaska_Log_GROW_028.jpg,
58755010,Fourth row age group ,6,6,4,NA,2,1,NA,https://changes-ifr.s3.us-east-2.amazonaws.com/ss1/GROW/double/a_first/part2/Kalkaska_Manistee_GROW_035.jpg,https://changes-ifr.s3.us-east-2.amazonaws.com/ss1/GROW/double/a_first/part2/Kalkaska_Manistee_GROW_036.jpg,
58755035,8th row age group ,NA,3,NA,NA,1,NA,NA,https://changes-ifr.s3.us-east-2.amazonaws.com/ss1/GROW/double/a_first/part2/Kent_Bass_GROW_085.jpg,https://changes-ifr.s3.us-east-2.amazonaws.com/ss1/GROW/double/a_first/part2/Kent_Bass_GROW_086.jpg,
58755088,5th row age group ,6,6,NA,NA,1,NA,NA,https://changes-ifr.s3.us-east-2.amazonaws.com/ss1/GROW/double/a_first/part2/Kent_Lincoln_GROW_073.jpg,https://changes-ifr.s3.us-east-2.amazonaws.com/ss1/GROW/double/a_first/part2/Kent_Lincoln_GROW_074.jpg,
58755088,6th row age group ,7,7,NA,NA,1,NA,NA,https://changes-ifr.s3.us-east-2.amazonaws.com/ss1/GROW/double/a_first/part2/Kent_Lincoln_GROW_073.jpg,https://changes-ifr.s3.us-east-2.amazonaws.com/ss1/GROW/double/a_first/part2/Kent_Lincoln_GROW_074.jpg,
58755088,7th row age group ,8,8,NA,NA,1,NA,NA,https://changes-ifr.s3.us-east-2.amazonaws.com/ss1/GROW/double/a_first/part2/Kent_Lincoln_GROW_073.jpg,https://changes-ifr.s3.us-east-2.amazonaws.com/ss1/GROW/double/a_first/part2/Kent_Lincoln_GROW_074.jpg,
58755088,8th row age group ,9,9,NA,NA,1,NA,NA,https://changes-ifr.s3.us-east-2.amazonaws.com/ss1/GROW/double/a_first/part2/Kent_Lincoln_GROW_073.jpg,https://changes-ifr.s3.us-east-2.amazonaws.com/ss1/GROW/double/a_first/part2/Kent_Lincoln_GROW_074.jpg,
58755088,First row age group ,2,2,NA,NA,1,NA,NA,https://changes-ifr.s3.us-east-2.amazonaws.com/ss1/GROW/double/a_first/part2/Kent_Lincoln_GROW_073.jpg,https://changes-ifr.s3.us-east-2.amazonaws.com/ss1/GROW/double/a_first/part2/Kent_Lincoln_GROW_074.jpg,
58755088,Fourth row age group ,5,5,NA,NA,1,NA,NA,https://changes-ifr.s3.us-east-2.amazonaws.com/ss1/GROW/double/a_first/part2/Kent_Lincoln_GROW_073.jpg,https://changes-ifr.s3.us-east-2.amazonaws.com/ss1/GROW/double/a_first/part2/Kent_Lincoln_GROW_074.jpg,
58755088,Second row age group ,3,3,NA,NA,1,NA,NA,https://changes-ifr.s3.us-east-2.amazonaws.com/ss1/GROW/double/a_first/part2/Kent_Lincoln_GROW_073.jpg,https://changes-ifr.s3.us-east-2.amazonaws.com/ss1/GROW/double/a_first/part2/Kent_Lincoln_GROW_074.jpg,
58755088,Third row age group ,4,4,NA,NA,1,NA,NA,https://changes-ifr.s3.us-east-2.amazonaws.com/ss1/GROW/double/a_first/part2/Kent_Lincoln_GROW_073.jpg,https://changes-ifr.s3.us-east-2.amazonaws.com/ss1/GROW/double/a_first/part2/Kent_Lincoln_GROW_074.jpg,
58755121,5th row age group ,NA,3,NA,NA,1,NA,NA,https://changes-ifr.s3.us-east-2.amazonaws.com/ss1/GROW/double/a_first/part2/Kent_PineIslandBig_GROW_035.jpg,https://changes-ifr.s3.us-east-2.amazonaws.com/ss1/GROW/double/a_first/part2/Kent_PineIslandBig_GROW_036.jpg,
58755121,6th row age group ,NA,4,NA,NA,1,NA,NA,https://changes-ifr.s3.us-east-2.amazonaws.com/ss1/GROW/double/a_first/part2/Kent_PineIslandBig_GROW_035.jpg,https://changes-ifr.s3.us-east-2.amazonaws.com/ss1/GROW/double/a_first/part2/Kent_PineIslandBig_GROW_036.jpg,
58755148,7th row age group ,NA,8,NA,NA,1,NA,NA,https://changes-ifr.s3.us-east-2.amazonaws.com/ss1/GROW/double/a_first/part2/Kent_WabasisBig_GROW_095.jpg,https://changes-ifr.s3.us-east-2.amazonaws.com/ss1/GROW/double/a_first/part2/Kent_WabasisBig_GROW_096.jpg,
58755182,5th row age group ,7,7,NA,NA,1,NA,NA,https://changes-ifr.s3.us-east-2.amazonaws.com/ss1/GROW/double/a_first/part2/Lake_BigStar_GROW_20191127121745299_0005.jpeg,https://changes-ifr.s3.us-east-2.amazonaws.com/ss1/GROW/double/a_first/part2/Lake_BigStar_GROW_20191127121745299_0006.jpeg,
58755182,6th row age group ,2,2,NA,NA,1,NA,NA,https://changes-ifr.s3.us-east-2.amazonaws.com/ss1/GROW/double/a_first/part2/Lake_BigStar_GROW_20191127121745299_0005.jpeg,https://changes-ifr.s3.us-east-2.amazonaws.com/ss1/GROW/double/a_first/part2/Lake_BigStar_GROW_20191127121745299_0006.jpeg,
58755182,7th row age group ,3,3,NA,NA,1,NA,NA,https://changes-ifr.s3.us-east-2.amazonaws.com/ss1/GROW/double/a_first/part2/Lake_BigStar_GROW_20191127121745299_0005.jpeg,https://changes-ifr.s3.us-east-2.amazonaws.com/ss1/GROW/double/a_first/part2/Lake_BigStar_GROW_20191127121745299_0006.jpeg,
58755182,8th row age group ,4,4,NA,NA,1,NA,NA,https://changes-ifr.s3.us-east-2.amazonaws.com/ss1/GROW/double/a_first/part2/Lake_BigStar_GROW_20191127121745299_0005.jpeg,https://changes-ifr.s3.us-east-2.amazonaws.com/ss1/GROW/double/a_first/part2/Lake_BigStar_GROW_20191127121745299_0006.jpeg,
58755182,9th row age group ,5,5,NA,NA,1,NA,NA,https://changes-ifr.s3.us-east-2.amazonaws.com/ss1/GROW/double/a_first/part2/Lake_BigStar_GROW_20191127121745299_0005.jpeg,https://changes-ifr.s3.us-east-2.amazonaws.com/ss1/GROW/double/a_first/part2/Lake_BigStar_GROW_20191127121745299_0006.jpeg,
58755192,8th row age group ,NA,7,NA,NA,1,NA,NA,https://changes-ifr.s3.us-east-2.amazonaws.com/ss1/GROW/double/a_first/part2/Lake_Reed_GROW_013.jpg,https://changes-ifr.s3.us-east-2.amazonaws.com/ss1/GROW/double/a_first/part2/Lake_Reed_GROW_014.jpg,
58755192,9th row age group ,NA,8,NA,NA,1,NA,NA,https://changes-ifr.s3.us-east-2.amazonaws.com/ss1/GROW/double/a_first/part2/Lake_Reed_GROW_013.jpg,https://changes-ifr.s3.us-east-2.amazonaws.com/ss1/GROW/double/a_first/part2/Lake_Reed_GROW_014.jpg,
58755203,10th row age group ,NA,10,NA,NA,1,NA,NA,https://changes-ifr.s3.us-east-2.amazonaws.com/ss1/GROW/double/a_first/part2/Lapeer_Algoe_FISHc_017.jpg,https://changes-ifr.s3.us-east-2.amazonaws.com/ss1/GROW/double/a_first/part2/Lapeer_Algoe_FISHc_018.jpg,
58755203,9th row age group ,NA,9,NA,NA,1,NA,NA,https://changes-ifr.s3.us-east-2.amazonaws.com/ss1/GROW/double/a_first/part2/Lapeer_Algoe_FISHc_017.jpg,https://changes-ifr.s3.us-east-2.amazonaws.com/ss1/GROW/double/a_first/part2/Lapeer_Algoe_FISHc_018.jpg,
58755268,6th row age group ,NA,1,NA,NA,1,NA,NA,https://changes-ifr.s3.us-east-2.amazonaws.com/ss1/GROW/double/a_first/part2/Washtenaw_Barton_GROW_20200203132921652_0005.jpeg,https://changes-ifr.s3.us-east-2.amazonaws.com/ss1/GROW/double/a_first/part2/Washtenaw_Barton_GROW_20200203132921652_0006.jpeg,
58755306,5th row age group ,NA,7,NA,NA,1,NA,NA,https://changes-ifr.s3.us-east-2.amazonaws.com/ss1/GROW/double/a_first/part2/Washtenaw_Joslin_GROW_20200225125514132_0048.jpeg,https://changes-ifr.s3.us-east-2.amazonaws.com/ss1/GROW/double/a_first/part2/Washtenaw_Joslin_GROW_20200225125514132_0049.jpeg,
58755306,6th row age group ,NA,8,NA,NA,1,NA,NA,https://changes-ifr.s3.us-east-2.amazonaws.com/ss1/GROW/double/a_first/part2/Washtenaw_Joslin_GROW_20200225125514132_0048.jpeg,https://changes-ifr.s3.us-east-2.amazonaws.com/ss1/GROW/double/a_first/part2/Washtenaw_Joslin_GROW_20200225125514132_0049.jpeg,
58755306,Fourth row age group ,NA,6,NA,NA,1,NA,NA,https://changes-ifr.s3.us-east-2.amazonaws.com/ss1/GROW/double/a_first/part2/Washtenaw_Joslin_GROW_20200225125514132_0048.jpeg,https://changes-ifr.s3.us-east-2.amazonaws.com/ss1/GROW/double/a_first/part2/Washtenaw_Joslin_GROW_20200225125514132_0049.jpeg,
59073201,Second row age group ,6,6,4,NA,2,1,NA,https://changes-ifr.s3.us-east-2.amazonaws.com/ss1/GROW/double/a_first/part1/Cheboygan_Long_GROW_053.jpg,https://changes-ifr.s3.us-east-2.amazonaws.com/ss1/GROW/double/a_first/part1/Cheboygan_Long_GROW_054.jpg,
59073201,Third row age group ,7,7,5,NA,2,1,NA,https://changes-ifr.s3.us-east-2.amazonaws.com/ss1/GROW/double/a_first/part1/Cheboygan_Long_GROW_053.jpg,https://changes-ifr.s3.us-east-2.amazonaws.com/ss1/GROW/double/a_first/part1/Cheboygan_Long_GROW_054.jpg,
59687815,5th row age group ,6,2,6,NA,1,2,NA,https://changes-ifr.s3.us-east-2.amazonaws.com/ss2/GROW/b_first/Otsego_Round_GROW_054.jpeg,https://changes-ifr.s3.us-east-2.amazonaws.com/ss2/GROW/b_first/Otsego_Round_GROW_053.jpeg,
59687815,6th row age group ,7,3,7,NA,1,2,NA,https://changes-ifr.s3.us-east-2.amazonaws.com/ss2/GROW/b_first/Otsego_Round_GROW_054.jpeg,https://changes-ifr.s3.us-east-2.amazonaws.com/ss2/GROW/b_first/Otsego_Round_GROW_053.jpeg,
59687815,7th row age group ,8,2,8,NA,1,2,NA,https://changes-ifr.s3.us-east-2.amazonaws.com/ss2/GROW/b_first/Otsego_Round_GROW_054.jpeg,https://changes-ifr.s3.us-east-2.amazonaws.com/ss2/GROW/b_first/Otsego_Round_GROW_053.jpeg,
59687815,Fourth row age group ,5,1,5,NA,1,2,NA,https://changes-ifr.s3.us-east-2.amazonaws.com/ss2/GROW/b_first/Otsego_Round_GROW_054.jpeg,https://changes-ifr.s3.us-east-2.amazonaws.com/ss2/GROW/b_first/Otsego_Round_GROW_053.jpeg,
59687815,Third row age group ,4,1,4,NA,1,2,NA,https://changes-ifr.s3.us-east-2.amazonaws.com/ss2/GROW/b_first/Otsego_Round_GROW_054.jpeg,https://changes-ifr.s3.us-east-2.amazonaws.com/ss2/GROW/b_first/Otsego_Round_GROW_053.jpeg,
59687858,First row age group ,NA,3,NA,NA,1,NA,NA,https://changes-ifr.s3.us-east-2.amazonaws.com/ss2/GROW/b_first/Otsego_Opal_GROW_006.jpeg,https://changes-ifr.s3.us-east-2.amazonaws.com/ss2/GROW/b_first/Otsego_Opal_GROW_005.jpeg,
59687858,Fourth row age group ,NA,4,NA,NA,1,NA,NA,https://changes-ifr.s3.us-east-2.amazonaws.com/ss2/GROW/b_first/Otsego_Opal_GROW_006.jpeg,https://changes-ifr.s3.us-east-2.amazonaws.com/ss2/GROW/b_first/Otsego_Opal_GROW_005.jpeg,
59687858,Second row age group ,NA,7,NA,NA,1,NA,NA,https://changes-ifr.s3.us-east-2.amazonaws.com/ss2/GROW/b_first/Otsego_Opal_GROW_006.jpeg,https://changes-ifr.s3.us-east-2.amazonaws.com/ss2/GROW/b_first/Otsego_Opal_GROW_005.jpeg,
59687858,Third row age group ,NA,0,NA,NA,1,NA,NA,https://changes-ifr.s3.us-east-2.amazonaws.com/ss2/GROW/b_first/Otsego_Opal_GROW_006.jpeg,https://changes-ifr.s3.us-east-2.amazonaws.com/ss2/GROW/b_first/Otsego_Opal_GROW_005.jpeg,
59687920,First row age group ,,3,NA,NA,1,NA,NA,,,
59688028,5th row age group ,6,6,7,NA,2,1,NA,https://changes-ifr.s3.us-east-2.amazonaws.com/ss2/GROW/single/Kent_Myers_GROW_003.jpg,,
59688028,6th row age group ,7,7,8,NA,2,1,NA,https://changes-ifr.s3.us-east-2.amazonaws.com/ss2/GROW/single/Kent_Myers_GROW_003.jpg,,
59688028,Fourth row age group ,5,5,6,NA,2,1,NA,https://changes-ifr.s3.us-east-2.amazonaws.com/ss2/GROW/single/Kent_Myers_GROW_003.jpg,,
59688028,Second row age group ,3,3,4,NA,2,1,NA,https://changes-ifr.s3.us-east-2.amazonaws.com/ss2/GROW/single/Kent_Myers_GROW_003.jpg,,
59688028,Third row age group ,4,4,5,NA,2,1,NA,https://changes-ifr.s3.us-east-2.amazonaws.com/ss2/GROW/single/Kent_Myers_GROW_003.jpg,,
59688031,8th row age group ,8,8,9,NA,2,2,NA,https://changes-ifr.s3.us-east-2.amazonaws.com/ss2/GROW/single/Kent_Long_GROW_013.jpg,,
59688048,5th row age group ,5,5,6,NA,2,2,NA,https://changes-ifr.s3.us-east-2.amazonaws.com/ss2/GROW/single/Lenawee_Devils_GROW_194.jpg,,
59688082,5th row age group ,NA,1,NA,NA,1,NA,NA,https://changes-ifr.s3.us-east-2.amazonaws.com/ss2/GROW/single/MUSKEGON_BROWNS_GROW_0001.jpeg,,
59688082,6th row age group ,NA,8,NA,NA,1,NA,NA,https://changes-ifr.s3.us-east-2.amazonaws.com/ss2/GROW/single/MUSKEGON_BROWNS_GROW_0001.jpeg,,
59688082,First row age group ,NA,3,NA,NA,1,NA,NA,https://changes-ifr.s3.us-east-2.amazonaws.com/ss2/GROW/single/MUSKEGON_BROWNS_GROW_0001.jpeg,,
59688082,Fourth row age group ,NA,6,NA,NA,1,NA,NA,https://changes-ifr.s3.us-east-2.amazonaws.com/ss2/GROW/single/MUSKEGON_BROWNS_GROW_0001.jpeg,,
59688082,Second row age group ,NA,4,NA,NA,1,NA,NA,https://changes-ifr.s3.us-east-2.amazonaws.com/ss2/GROW/single/MUSKEGON_BROWNS_GROW_0001.jpeg,,
59688082,Third row age group ,NA,5,NA,NA,1,NA,NA,https://changes-ifr.s3.us-east-2.amazonaws.com/ss2/GROW/single/MUSKEGON_BROWNS_GROW_0001.jpeg,,
59688164,5th row age group ,5,6,5,NA,2,2,NA,https://changes-ifr.s3.us-east-2.amazonaws.com/ss2/GROW/single/OAKLAND_BIGT4NR8ES2829_GROW_0008.jpeg,,
59688164,6th row age group ,6,7,8,6,1,1,2,https://changes-ifr.s3.us-east-2.amazonaws.com/ss2/GROW/single/OAKLAND_BIGT4NR8ES2829_GROW_0008.jpeg,,
59688164,7th row age group ,7,9,7,NA,2,2,NA,https://changes-ifr.s3.us-east-2.amazonaws.com/ss2/GROW/single/OAKLAND_BIGT4NR8ES2829_GROW_0008.jpeg,,
59688164,First row age group ,1,2,1,NA,2,2,NA,https://changes-ifr.s3.us-east-2.amazonaws.com/ss2/GROW/single/OAKLAND_BIGT4NR8ES2829_GROW_0008.jpeg,,
59688164,Fourth row age group ,4,5,4,NA,2,2,NA,https://changes-ifr.s3.us-east-2.amazonaws.com/ss2/GROW/single/OAKLAND_BIGT4NR8ES2829_GROW_0008.jpeg,,
59688164,Second row age group ,2,3,2,NA,2,2,NA,https://changes-ifr.s3.us-east-2.amazonaws.com/ss2/GROW/single/OAKLAND_BIGT4NR8ES2829_GROW_0008.jpeg,,
59688164,Third row age group ,3,4,3,NA,2,2,NA,https://changes-ifr.s3.us-east-2.amazonaws.com/ss2/GROW/single/OAKLAND_BIGT4NR8ES2829_GROW_0008.jpeg,,
59688178,5th row age group ,6,6,7,NA,2,1,NA,https://changes-ifr.s3.us-east-2.amazonaws.com/ss2/GROW/single/OAKLAND_PRINCE_GROW_0002.jpeg,,
59688184,8th row age group ,8,9,8,NA,2,1,NA,https://changes-ifr.s3.us-east-2.amazonaws.com/ss2/GROW/single/OAKLAND_SEVENBIG_GROW_0006.jpeg,,
59688184,9th row age group ,9,9,NA,NA,1,NA,NA,https://changes-ifr.s3.us-east-2.amazonaws.com/ss2/GROW/single/OAKLAND_SEVENBIG_GROW_0006.jpeg,,
59962374,Third row age group ,4,4,3,5,2,1,1,https://changes-ifr.s3.us-east-2.amazonaws.com/ss2/GROW/a_first/ALGER_MOCCASIN_GROW_0002_1.jpeg,https://changes-ifr.s3.us-east-2.amazonaws.com/ss2/GROW/a_first/ALGER_MOCCASIN_GROW_0002_2.jpeg,
59962454,9th row age group ,9,10,9,NA,2,2,NA,https://changes-ifr.s3.us-east-2.amazonaws.com/ss2/GROW/a_first/ALLEGAN_SELKIRK_GROW_0006_1.jpeg,https://changes-ifr.s3.us-east-2.amazonaws.com/ss2/GROW/a_first/ALLEGAN_SELKIRK_GROW_0006_2.jpeg,
59962465,Third row age group ,,8,6,NA,1,2,NA,,,
59962477,First row age group ,NA,3,NA,NA,1,NA,NA,https://changes-ifr.s3.us-east-2.amazonaws.com/ss2/GROW/a_first/ALPENA_FLETCHERBACKWATER_GROW_0005_1.jpeg,https://changes-ifr.s3.us-east-2.amazonaws.com/ss2/GROW/a_first/ALPENA_FLETCHERBACKWATER_GROW_0005_2.jpeg,
59962477,Second row age group ,NA,4,NA,NA,1,NA,NA,https://changes-ifr.s3.us-east-2.amazonaws.com/ss2/GROW/a_first/ALPENA_FLETCHERBACKWATER_GROW_0005_1.jpeg,https://changes-ifr.s3.us-east-2.amazonaws.com/ss2/GROW/a_first/ALPENA_FLETCHERBACKWATER_GROW_0005_2.jpeg,
59962477,Third row age group ,NA,5,NA,NA,1,NA,NA,https://changes-ifr.s3.us-east-2.amazonaws.com/ss2/GROW/a_first/ALPENA_FLETCHERBACKWATER_GROW_0005_1.jpeg,https://changes-ifr.s3.us-east-2.amazonaws.com/ss2/GROW/a_first/ALPENA_FLETCHERBACKWATER_GROW_0005_2.jpeg,
59962492,First row age group ,NA,1,NA,NA,1,NA,NA,https://changes-ifr.s3.us-east-2.amazonaws.com/ss2/GROW/a_first/ANTRIM_BELLAIRE_GROW_0003_1.jpeg,https://changes-ifr.s3.us-east-2.amazonaws.com/ss2/GROW/a_first/ANTRIM_BELLAIRE_GROW_0003_2.jpeg,
59962500,5th row age group ,NA,5,NA,NA,1,NA,NA,https://changes-ifr.s3.us-east-2.amazonaws.com/ss2/GROW/a_first/ANTRIM_BENWAY_GROW_0001_1.jpeg,https://changes-ifr.s3.us-east-2.amazonaws.com/ss2/GROW/a_first/ANTRIM_BENWAY_GROW_0001_2.jpeg,
59962574,5th row age group ,NA,6,NA,NA,1,NA,NA,https://changes-ifr.s3.us-east-2.amazonaws.com/ss2/GROW/a_first/BARAGA_KEEWAYDIN_GROW_0002_1.jpeg,https://changes-ifr.s3.us-east-2.amazonaws.com/ss2/GROW/a_first/BARAGA_KEEWAYDIN_GROW_0002_2.jpeg,
59962574,6th row age group ,NA,7,NA,NA,1,NA,NA,https://changes-ifr.s3.us-east-2.amazonaws.com/ss2/GROW/a_first/BARAGA_KEEWAYDIN_GROW_0002_1.jpeg,https://changes-ifr.s3.us-east-2.amazonaws.com/ss2/GROW/a_first/BARAGA_KEEWAYDIN_GROW_0002_2.jpeg,
59962574,7th row age group ,NA,8,NA,NA,1,NA,NA,https://changes-ifr.s3.us-east-2.amazonaws.com/ss2/GROW/a_first/BARAGA_KEEWAYDIN_GROW_0002_1.jpeg,https://changes-ifr.s3.us-east-2.amazonaws.com/ss2/GROW/a_first/BARAGA_KEEWAYDIN_GROW_0002_2.jpeg,
59962574,First row age group ,NA,2,NA,NA,1,NA,NA,https://changes-ifr.s3.us-east-2.amazonaws.com/ss2/GROW/a_first/BARAGA_KEEWAYDIN_GROW_0002_1.jpeg,https://changes-ifr.s3.us-east-2.amazonaws.com/ss2/GROW/a_first/BARAGA_KEEWAYDIN_GROW_0002_2.jpeg,
59962574,Fourth row age group ,NA,5,NA,NA,1,NA,NA,https://changes-ifr.s3.us-east-2.amazonaws.com/ss2/GROW/a_first/BARAGA_KEEWAYDIN_GROW_0002_1.jpeg,https://changes-ifr.s3.us-east-2.amazonaws.com/ss2/GROW/a_first/BARAGA_KEEWAYDIN_GROW_0002_2.jpeg,
59962574,Second row age group ,NA,3,NA,NA,1,NA,NA,https://changes-ifr.s3.us-east-2.amazonaws.com/ss2/GROW/a_first/BARAGA_KEEWAYDIN_GROW_0002_1.jpeg,https://changes-ifr.s3.us-east-2.amazonaws.com/ss2/GROW/a_first/BARAGA_KEEWAYDIN_GROW_0002_2.jpeg,
59962574,Third row age group ,NA,4,NA,NA,1,NA,NA,https://changes-ifr.s3.us-east-2.amazonaws.com/ss2/GROW/a_first/BARAGA_KEEWAYDIN_GROW_0002_1.jpeg,https://changes-ifr.s3.us-east-2.amazonaws.com/ss2/GROW/a_first/BARAGA_KEEWAYDIN_GROW_0002_2.jpeg,
59962585,5th row age group ,NA,5,NA,NA,1,NA,NA,https://changes-ifr.s3.us-east-2.amazonaws.com/ss2/GROW/a_first/BARAGA_PARENT_GROW_0002_1.jpeg,https://changes-ifr.s3.us-east-2.amazonaws.com/ss2/GROW/a_first/BARAGA_PARENT_GROW_0002_2.jpeg,
59962585,6th row age group ,NA,0,NA,NA,1,NA,NA,https://changes-ifr.s3.us-east-2.amazonaws.com/ss2/GROW/a_first/BARAGA_PARENT_GROW_0002_1.jpeg,https://changes-ifr.s3.us-east-2.amazonaws.com/ss2/GROW/a_first/BARAGA_PARENT_GROW_0002_2.jpeg,
59962585,7th row age group ,NA,3,NA,NA,1,NA,NA,https://changes-ifr.s3.us-east-2.amazonaws.com/ss2/GROW/a_first/BARAGA_PARENT_GROW_0002_1.jpeg,https://changes-ifr.s3.us-east-2.amazonaws.com/ss2/GROW/a_first/BARAGA_PARENT_GROW_0002_2.jpeg,
59962585,8th row age group ,NA,5,NA,NA,1,NA,NA,https://changes-ifr.s3.us-east-2.amazonaws.com/ss2/GROW/a_first/BARAGA_PARENT_GROW_0002_1.jpeg,https://changes-ifr.s3.us-east-2.amazonaws.com/ss2/GROW/a_first/BARAGA_PARENT_GROW_0002_2.jpeg,
59962585,9th row age group ,NA,7,NA,NA,1,NA,NA,https://changes-ifr.s3.us-east-2.amazonaws.com/ss2/GROW/a_first/BARAGA_PARENT_GROW_0002_1.jpeg,https://changes-ifr.s3.us-east-2.amazonaws.com/ss2/GROW/a_first/BARAGA_PARENT_GROW_0002_2.jpeg,
59962585,First row age group ,NA,1,NA,NA,1,NA,NA,https://changes-ifr.s3.us-east-2.amazonaws.com/ss2/GROW/a_first/BARAGA_PARENT_GROW_0002_1.jpeg,https://changes-ifr.s3.us-east-2.amazonaws.com/ss2/GROW/a_first/BARAGA_PARENT_GROW_0002_2.jpeg,
59962585,Fourth row age group ,NA,4,NA,NA,1,NA,NA,https://changes-ifr.s3.us-east-2.amazonaws.com/ss2/GROW/a_first/BARAGA_PARENT_GROW_0002_1.jpeg,https://changes-ifr.s3.us-east-2.amazonaws.com/ss2/GROW/a_first/BARAGA_PARENT_GROW_0002_2.jpeg,
59962585,Second row age group ,NA,2,NA,NA,1,NA,NA,https://changes-ifr.s3.us-east-2.amazonaws.com/ss2/GROW/a_first/BARAGA_PARENT_GROW_0002_1.jpeg,https://changes-ifr.s3.us-east-2.amazonaws.com/ss2/GROW/a_first/BARAGA_PARENT_GROW_0002_2.jpeg,
59962585,Third row age group ,NA,3,NA,NA,1,NA,NA,https://changes-ifr.s3.us-east-2.amazonaws.com/ss2/GROW/a_first/BARAGA_PARENT_GROW_0002_1.jpeg,https://changes-ifr.s3.us-east-2.amazonaws.com/ss2/GROW/a_first/BARAGA_PARENT_GROW_0002_2.jpeg,
59962625,Fourth row age group ,5,6,5,NA,1,2,NA,https://changes-ifr.s3.us-east-2.amazonaws.com/ss2/GROW/a_first/BARRY_DEEP_GROW_0002_1.jpeg,https://changes-ifr.s3.us-east-2.amazonaws.com/ss2/GROW/a_first/BARRY_DEEP_GROW_0002_2.jpeg,
59962627,5th row age group ,6,6,7,NA,2,1,NA,https://changes-ifr.s3.us-east-2.amazonaws.com/ss2/GROW/a_first/BARRY_FINE_GROW_0002_1.jpeg,https://changes-ifr.s3.us-east-2.amazonaws.com/ss2/GROW/a_first/BARRY_FINE_GROW_0002_2.jpeg,
59962648,Third row age group ,NA,2,NA,NA,1,NA,NA,https://changes-ifr.s3.us-east-2.amazonaws.com/ss2/GROW/a_first/BARRY_GUN_GROW_0011_1.jpeg,https://changes-ifr.s3.us-east-2.amazonaws.com/ss2/GROW/a_first/BARRY_GUN_GROW_0011_2.jpeg,
59962712,First row age group ,NA,1,NA,NA,1,NA,NA,https://changes-ifr.s3.us-east-2.amazonaws.com/ss2/GROW/a_first/BENZIE_LIME_GROW_0002_1.jpeg,https://changes-ifr.s3.us-east-2.amazonaws.com/ss2/GROW/a_first/BENZIE_LIME_GROW_0002_2.jpeg,
59962773,7th row age group ,NA,6,NA,NA,1,NA,NA,https://changes-ifr.s3.us-east-2.amazonaws.com/ss2/GROW/a_first/BRANCH_MATTESON_GROW_0004_1.jpeg,https://changes-ifr.s3.us-east-2.amazonaws.com/ss2/GROW/a_first/BRANCH_MATTESON_GROW_0004_2.jpeg,
59962787,10th row age group ,,1,NA,NA,1,NA,NA,,,
59962787,11th row age group ,,2,NA,NA,1,NA,NA,,,
59962787,12th row age group ,,3,NA,NA,1,NA,NA,,,
59962787,13th row age group ,,4,NA,NA,1,NA,NA,,,
59962787,14th row age group ,,NA,NA,NA,1,NA,NA,,,
59962787,9th row age group ,,0,NA,NA,1,NA,NA,,,
59962817,Third row age group ,4,4,5,NA,2,1,NA,https://changes-ifr.s3.us-east-2.amazonaws.com/ss2/GROW/a_first/CALHOUN_DUCK_GROW_0008_1.jpeg,https://changes-ifr.s3.us-east-2.amazonaws.com/ss2/GROW/a_first/CALHOUN_DUCK_GROW_0008_2.jpeg,
59962849,6th row age group ,,7,8,NA,2,1,NA,,,
59962849,7th row age group ,,8,9,NA,2,1,NA,,,
59962859,5th row age group ,,5,6,NA,2,1,NA,,,
59962859,6th row age group ,,6,7,NA,2,1,NA,,,
59962942,Third row age group ,5,5,4,NA,2,1,NA,https://changes-ifr.s3.us-east-2.amazonaws.com/ss2/GROW/a_first/Leelanau_Lime_GROW_061.jpg,https://changes-ifr.s3.us-east-2.amazonaws.com/ss2/GROW/a_first/Leelanau_Lime_GROW_062.jpg,
59962944,First row age group ,NA,0,NA,NA,1,NA,NA,https://changes-ifr.s3.us-east-2.amazonaws.com/ss2/GROW/a_first/Leelanau_Shell_GROW_008.jpg,https://changes-ifr.s3.us-east-2.amazonaws.com/ss2/GROW/a_first/Leelanau_Shell_GROW_009.jpg,
59962944,Second row age group ,NA,1,NA,NA,1,NA,NA,https://changes-ifr.s3.us-east-2.amazonaws.com/ss2/GROW/a_first/Leelanau_Shell_GROW_008.jpg,https://changes-ifr.s3.us-east-2.amazonaws.com/ss2/GROW/a_first/Leelanau_Shell_GROW_009.jpg,
59962955,5th row age group ,5,6,5,NA,2,2,NA,https://changes-ifr.s3.us-east-2.amazonaws.com/ss2/GROW/a_first/Lenawee_Devils_GROW_027.jpg,https://changes-ifr.s3.us-east-2.amazonaws.com/ss2/GROW/a_first/Lenawee_Devils_GROW_028.jpg,
59962982,Third row age group ,5,5,8,NA,2,1,NA,https://changes-ifr.s3.us-east-2.amazonaws.com/ss2/GROW/a_first/Livingston_Bishop_GROW_019.jpg,https://changes-ifr.s3.us-east-2.amazonaws.com/ss2/GROW/a_first/Livingston_Bishop_GROW_020.jpg,
59963009,10th row age group ,,4,5,NA,1,1,NA,,,
59963009,11th row age group ,,5,6,NA,1,1,NA,,,
59963009,12th row age group ,,6,NA,NA,1,NA,NA,,,
59963009,6th row age group ,,6,1,NA,1,1,NA,,,
59963009,7th row age group ,,1,2,NA,1,1,NA,,,
59963009,8th row age group ,,2,3,NA,1,1,NA,,,
59963009,9th row age group ,,3,4,NA,1,1,NA,,,
59963012,6th row age group ,NA,1,NA,NA,1,NA,NA,https://changes-ifr.s3.us-east-2.amazonaws.com/ss2/GROW/a_first/Livingston_Lamoreaux_GROW_006.jpg,https://changes-ifr.s3.us-east-2.amazonaws.com/ss2/GROW/a_first/Livingston_Lamoreaux_GROW_007.jpg,
59963012,7th row age group ,NA,2,NA,NA,1,NA,NA,https://changes-ifr.s3.us-east-2.amazonaws.com/ss2/GROW/a_first/Livingston_Lamoreaux_GROW_006.jpg,https://changes-ifr.s3.us-east-2.amazonaws.com/ss2/GROW/a_first/Livingston_Lamoreaux_GROW_007.jpg,
59963012,8th row age group ,NA,3,NA,NA,1,NA,NA,https://changes-ifr.s3.us-east-2.amazonaws.com/ss2/GROW/a_first/Livingston_Lamoreaux_GROW_006.jpg,https://changes-ifr.s3.us-east-2.amazonaws.com/ss2/GROW/a_first/Livingston_Lamoreaux_GROW_007.jpg,
59963012,9th row age group ,NA,4,NA,NA,1,NA,NA,https://changes-ifr.s3.us-east-2.amazonaws.com/ss2/GROW/a_first/Livingston_Lamoreaux_GROW_006.jpg,https://changes-ifr.s3.us-east-2.amazonaws.com/ss2/GROW/a_first/Livingston_Lamoreaux_GROW_007.jpg,
59963014,5th row age group ,6,6,7,NA,2,2,NA,https://changes-ifr.s3.us-east-2.amazonaws.com/ss2/GROW/a_first/Livingston_Lamoreaux_GROW_008.jpg,https://changes-ifr.s3.us-east-2.amazonaws.com/ss2/GROW/a_first/Livingston_Lamoreaux_GROW_009.jpg,
59963014,6th row age group ,7,7,8,NA,2,2,NA,https://changes-ifr.s3.us-east-2.amazonaws.com/ss2/GROW/a_first/Livingston_Lamoreaux_GROW_008.jpg,https://changes-ifr.s3.us-east-2.amazonaws.com/ss2/GROW/a_first/Livingston_Lamoreaux_GROW_009.jpg,
59963014,7th row age group ,8,8,9,NA,2,2,NA,https://changes-ifr.s3.us-east-2.amazonaws.com/ss2/GROW/a_first/Livingston_Lamoreaux_GROW_008.jpg,https://changes-ifr.s3.us-east-2.amazonaws.com/ss2/GROW/a_first/Livingston_Lamoreaux_GROW_009.jpg,
59963014,Fourth row age group ,5,5,6,NA,2,2,NA,https://changes-ifr.s3.us-east-2.amazonaws.com/ss2/GROW/a_first/Livingston_Lamoreaux_GROW_008.jpg,https://changes-ifr.s3.us-east-2.amazonaws.com/ss2/GROW/a_first/Livingston_Lamoreaux_GROW_009.jpg,
59963018,5th row age group ,2,2,NA,NA,1,NA,NA,https://changes-ifr.s3.us-east-2.amazonaws.com/ss2/GROW/a_first/Livingston_Reed_GROW_016.jpg,https://changes-ifr.s3.us-east-2.amazonaws.com/ss2/GROW/a_first/Livingston_Reed_GROW_017.jpg,
59963018,6th row age group ,3,3,NA,NA,1,NA,NA,https://changes-ifr.s3.us-east-2.amazonaws.com/ss2/GROW/a_first/Livingston_Reed_GROW_016.jpg,https://changes-ifr.s3.us-east-2.amazonaws.com/ss2/GROW/a_first/Livingston_Reed_GROW_017.jpg,
59963018,7th row age group ,4,4,NA,NA,1,NA,NA,https://changes-ifr.s3.us-east-2.amazonaws.com/ss2/GROW/a_first/Livingston_Reed_GROW_016.jpg,https://changes-ifr.s3.us-east-2.amazonaws.com/ss2/GROW/a_first/Livingston_Reed_GROW_017.jpg,
59963018,8th row age group ,5,5,NA,NA,1,NA,NA,https://changes-ifr.s3.us-east-2.amazonaws.com/ss2/GROW/a_first/Livingston_Reed_GROW_016.jpg,https://changes-ifr.s3.us-east-2.amazonaws.com/ss2/GROW/a_first/Livingston_Reed_GROW_017.jpg,
59963018,9th row age group ,6,6,NA,NA,1,NA,NA,https://changes-ifr.s3.us-east-2.amazonaws.com/ss2/GROW/a_first/Livingston_Reed_GROW_016.jpg,https://changes-ifr.s3.us-east-2.amazonaws.com/ss2/GROW/a_first/Livingston_Reed_GROW_017.jpg,
59963022,5th row age group ,NA,4,NA,NA,1,NA,NA,https://changes-ifr.s3.us-east-2.amazonaws.com/ss2/GROW/a_first/Livingston_Strawberry_GROW_090.jpg,https://changes-ifr.s3.us-east-2.amazonaws.com/ss2/GROW/a_first/Livingston_Strawberry_GROW_091.jpg,
59963022,6th row age group ,NA,5,NA,NA,1,NA,NA,https://changes-ifr.s3.us-east-2.amazonaws.com/ss2/GROW/a_first/Livingston_Strawberry_GROW_090.jpg,https://changes-ifr.s3.us-east-2.amazonaws.com/ss2/GROW/a_first/Livingston_Strawberry_GROW_091.jpg,
59963288,6th row age group ,6,8,6,NA,1,2,NA,https://changes-ifr.s3.us-east-2.amazonaws.com/ss2/GROW/a_first/Mackinac_BrevortLittle_GROW_042.jpg,https://changes-ifr.s3.us-east-2.amazonaws.com/ss2/GROW/a_first/Mackinac_BrevortLittle_GROW_043.jpg,
59963329,7th row age group ,8,8,7,NA,2,1,NA,https://changes-ifr.s3.us-east-2.amazonaws.com/ss2/GROW/a_first/Manistee_Bear_GROW_029.jpg,https://changes-ifr.s3.us-east-2.amazonaws.com/ss2/GROW/a_first/Manistee_Bear_GROW_030.jpg,
59963339,7th row age group ,NA,7,NA,NA,1,NA,NA,https://changes-ifr.s3.us-east-2.amazonaws.com/ss2/GROW/a_first/Manistee_Bear_GROW_125.jpg,https://changes-ifr.s3.us-east-2.amazonaws.com/ss2/GROW/a_first/Manistee_Bear_GROW_126.jpg,
59963528,First row age group ,5,5,1,NA,2,1,NA,https://changes-ifr.s3.us-east-2.amazonaws.com/ss2/GROW/a_first/Mecosta_Pretty_GROW_091.jpg,https://changes-ifr.s3.us-east-2.amazonaws.com/ss2/GROW/a_first/Mecosta_Pretty_GROW_092.jpg,
59963555,First row age group ,NA,2,NA,NA,1,NA,NA,https://changes-ifr.s3.us-east-2.amazonaws.com/ss2/GROW/a_first/Mecosta_RogersPond_GROW_025.jpg,https://changes-ifr.s3.us-east-2.amazonaws.com/ss2/GROW/a_first/Mecosta_RogersPond_GROW_026.jpg,
59963555,Second row age group ,NA,3,NA,NA,1,NA,NA,https://changes-ifr.s3.us-east-2.amazonaws.com/ss2/GROW/a_first/Mecosta_RogersPond_GROW_025.jpg,https://changes-ifr.s3.us-east-2.amazonaws.com/ss2/GROW/a_first/Mecosta_RogersPond_GROW_026.jpg,
59963555,Third row age group ,NA,4,NA,NA,1,NA,NA,https://changes-ifr.s3.us-east-2.amazonaws.com/ss2/GROW/a_first/Mecosta_RogersPond_GROW_025.jpg,https://changes-ifr.s3.us-east-2.amazonaws.com/ss2/GROW/a_first/Mecosta_RogersPond_GROW_026.jpg,
59963559,10th row age group ,NA,6,NA,NA,1,NA,NA,https://changes-ifr.s3.us-east-2.amazonaws.com/ss2/GROW/a_first/Mecosta_Round_GROW_042.jpg,https://changes-ifr.s3.us-east-2.amazonaws.com/ss2/GROW/a_first/Mecosta_Round_GROW_043.jpg,
59963559,5th row age group ,5,5,6,NA,2,1,NA,https://changes-ifr.s3.us-east-2.amazonaws.com/ss2/GROW/a_first/Mecosta_Round_GROW_042.jpg,https://changes-ifr.s3.us-east-2.amazonaws.com/ss2/GROW/a_first/Mecosta_Round_GROW_043.jpg,
59963559,6th row age group ,NA,1,NA,NA,1,NA,NA,https://changes-ifr.s3.us-east-2.amazonaws.com/ss2/GROW/a_first/Mecosta_Round_GROW_042.jpg,https://changes-ifr.s3.us-east-2.amazonaws.com/ss2/GROW/a_first/Mecosta_Round_GROW_043.jpg,
59963559,7th row age group ,NA,2,NA,NA,1,NA,NA,https://changes-ifr.s3.us-east-2.amazonaws.com/ss2/GROW/a_first/Mecosta_Round_GROW_042.jpg,https://changes-ifr.s3.us-east-2.amazonaws.com/ss2/GROW/a_first/Mecosta_Round_GROW_043.jpg,
59963559,8th row age group ,NA,3,NA,NA,1,NA,NA,https://changes-ifr.s3.us-east-2.amazonaws.com/ss2/GROW/a_first/Mecosta_Round_GROW_042.jpg,https://changes-ifr.s3.us-east-2.amazonaws.com/ss2/GROW/a_first/Mecosta_Round_GROW_043.jpg,
59963559,9th row age group ,NA,5,NA,NA,1,NA,NA,https://changes-ifr.s3.us-east-2.amazonaws.com/ss2/GROW/a_first/Mecosta_Round_GROW_042.jpg,https://changes-ifr.s3.us-east-2.amazonaws.com/ss2/GROW/a_first/Mecosta_Round_GROW_043.jpg,
59963559,Fourth row age group ,4,4,5,NA,2,1,NA,https://changes-ifr.s3.us-east-2.amazonaws.com/ss2/GROW/a_first/Mecosta_Round_GROW_042.jpg,https://changes-ifr.s3.us-east-2.amazonaws.com/ss2/GROW/a_first/Mecosta_Round_GROW_043.jpg,
59963619,Fourth row age group ,NA,4,NA,NA,1,NA,NA,https://changes-ifr.s3.us-east-2.amazonaws.com/ss2/GROW/a_first/Midland_Sanford_GROW_034.jpg,https://changes-ifr.s3.us-east-2.amazonaws.com/ss2/GROW/a_first/Midland_Sanford_GROW_035.jpg,
59963622,Fourth row age group ,7,8,7,NA,2,2,NA,https://changes-ifr.s3.us-east-2.amazonaws.com/ss2/GROW/a_first/Missaukee_Missaukee_GROW_042.jpg,https://changes-ifr.s3.us-east-2.amazonaws.com/ss2/GROW/a_first/Missaukee_Missaukee_GROW_043.jpg,
59963627,10th row age group ,NA,6,NA,NA,1,NA,NA,https://changes-ifr.s3.us-east-2.amazonaws.com/ss2/GROW/a_first/Missaukee_Sapphire_GROW_018.jpg,https://changes-ifr.s3.us-east-2.amazonaws.com/ss2/GROW/a_first/Missaukee_Sapphire_GROW_019.jpg,
59963627,11th row age group ,NA,7,NA,NA,1,NA,NA,https://changes-ifr.s3.us-east-2.amazonaws.com/ss2/GROW/a_first/Missaukee_Sapphire_GROW_018.jpg,https://changes-ifr.s3.us-east-2.amazonaws.com/ss2/GROW/a_first/Missaukee_Sapphire_GROW_019.jpg,
59963627,12th row age group ,NA,8,NA,NA,1,NA,NA,https://changes-ifr.s3.us-east-2.amazonaws.com/ss2/GROW/a_first/Missaukee_Sapphire_GROW_018.jpg,https://changes-ifr.s3.us-east-2.amazonaws.com/ss2/GROW/a_first/Missaukee_Sapphire_GROW_019.jpg,
59963627,13th row age group ,NA,0,NA,NA,1,NA,NA,https://changes-ifr.s3.us-east-2.amazonaws.com/ss2/GROW/a_first/Missaukee_Sapphire_GROW_018.jpg,https://changes-ifr.s3.us-east-2.amazonaws.com/ss2/GROW/a_first/Missaukee_Sapphire_GROW_019.jpg,
59963627,14th row age group ,NA,2,NA,NA,1,NA,NA,https://changes-ifr.s3.us-east-2.amazonaws.com/ss2/GROW/a_first/Missaukee_Sapphire_GROW_018.jpg,https://changes-ifr.s3.us-east-2.amazonaws.com/ss2/GROW/a_first/Missaukee_Sapphire_GROW_019.jpg,
59963627,5th row age group ,5,1,5,NA,1,2,NA,https://changes-ifr.s3.us-east-2.amazonaws.com/ss2/GROW/a_first/Missaukee_Sapphire_GROW_018.jpg,https://changes-ifr.s3.us-east-2.amazonaws.com/ss2/GROW/a_first/Missaukee_Sapphire_GROW_019.jpg,
59963627,6th row age group ,6,2,6,NA,1,2,NA,https://changes-ifr.s3.us-east-2.amazonaws.com/ss2/GROW/a_first/Missaukee_Sapphire_GROW_018.jpg,https://changes-ifr.s3.us-east-2.amazonaws.com/ss2/GROW/a_first/Missaukee_Sapphire_GROW_019.jpg,
59963627,7th row age group ,7,3,7,NA,1,2,NA,https://changes-ifr.s3.us-east-2.amazonaws.com/ss2/GROW/a_first/Missaukee_Sapphire_GROW_018.jpg,https://changes-ifr.s3.us-east-2.amazonaws.com/ss2/GROW/a_first/Missaukee_Sapphire_GROW_019.jpg,
59963627,8th row age group ,8,4,8,NA,1,2,NA,https://changes-ifr.s3.us-east-2.amazonaws.com/ss2/GROW/a_first/Missaukee_Sapphire_GROW_018.jpg,https://changes-ifr.s3.us-east-2.amazonaws.com/ss2/GROW/a_first/Missaukee_Sapphire_GROW_019.jpg,
59963627,9th row age group ,NA,5,NA,NA,1,NA,NA,https://changes-ifr.s3.us-east-2.amazonaws.com/ss2/GROW/a_first/Missaukee_Sapphire_GROW_018.jpg,https://changes-ifr.s3.us-east-2.amazonaws.com/ss2/GROW/a_first/Missaukee_Sapphire_GROW_019.jpg,
59963627,First row age group ,1,2,1,NA,1,2,NA,https://changes-ifr.s3.us-east-2.amazonaws.com/ss2/GROW/a_first/Missaukee_Sapphire_GROW_018.jpg,https://changes-ifr.s3.us-east-2.amazonaws.com/ss2/GROW/a_first/Missaukee_Sapphire_GROW_019.jpg,
59963627,Fourth row age group ,4,0,4,NA,1,2,NA,https://changes-ifr.s3.us-east-2.amazonaws.com/ss2/GROW/a_first/Missaukee_Sapphire_GROW_018.jpg,https://changes-ifr.s3.us-east-2.amazonaws.com/ss2/GROW/a_first/Missaukee_Sapphire_GROW_019.jpg,
59963627,Second row age group ,2,3,2,NA,1,2,NA,https://changes-ifr.s3.us-east-2.amazonaws.com/ss2/GROW/a_first/Missaukee_Sapphire_GROW_018.jpg,https://changes-ifr.s3.us-east-2.amazonaws.com/ss2/GROW/a_first/Missaukee_Sapphire_GROW_019.jpg,
59963627,Third row age group ,3,4,3,NA,1,2,NA,https://changes-ifr.s3.us-east-2.amazonaws.com/ss2/GROW/a_first/Missaukee_Sapphire_GROW_018.jpg,https://changes-ifr.s3.us-east-2.amazonaws.com/ss2/GROW/a_first/Missaukee_Sapphire_GROW_019.jpg,
59963665,Fourth row age group ,6,7,6,NA,1,1,NA,https://changes-ifr.s3.us-east-2.amazonaws.com/ss2/GROW/a_first/MONTMORENCY_JACKSON_GROW_0002_1.jpeg,https://changes-ifr.s3.us-east-2.amazonaws.com/ss2/GROW/a_first/MONTMORENCY_JACKSON_GROW_0002_2.jpeg,
59963665,Third row age group ,7,6,7,NA,1,1,NA,https://changes-ifr.s3.us-east-2.amazonaws.com/ss2/GROW/a_first/MONTMORENCY_JACKSON_GROW_0002_1.jpeg,https://changes-ifr.s3.us-east-2.amazonaws.com/ss2/GROW/a_first/MONTMORENCY_JACKSON_GROW_0002_2.jpeg,
59963927,6th row age group ,7,6,7,NA,1,2,NA,https://changes-ifr.s3.us-east-2.amazonaws.com/ss2/GROW/a_first/NEWAYGO_DIAMOND_GROW_0004_1.jpeg,https://changes-ifr.s3.us-east-2.amazonaws.com/ss2/GROW/a_first/NEWAYGO_DIAMOND_GROW_0004_2.jpeg,
59963933,5th row age group ,NA,2,NA,NA,1,NA,NA,https://changes-ifr.s3.us-east-2.amazonaws.com/ss2/GROW/a_first/NEWAYGO_FREMONT_GROW_0004_1.jpeg,https://changes-ifr.s3.us-east-2.amazonaws.com/ss2/GROW/a_first/NEWAYGO_FREMONT_GROW_0004_2.jpeg,
59963933,6th row age group ,NA,3,NA,NA,1,NA,NA,https://changes-ifr.s3.us-east-2.amazonaws.com/ss2/GROW/a_first/NEWAYGO_FREMONT_GROW_0004_1.jpeg,https://changes-ifr.s3.us-east-2.amazonaws.com/ss2/GROW/a_first/NEWAYGO_FREMONT_GROW_0004_2.jpeg,
59963933,7th row age group ,NA,4,NA,NA,1,NA,NA,https://changes-ifr.s3.us-east-2.amazonaws.com/ss2/GROW/a_first/NEWAYGO_FREMONT_GROW_0004_1.jpeg,https://changes-ifr.s3.us-east-2.amazonaws.com/ss2/GROW/a_first/NEWAYGO_FREMONT_GROW_0004_2.jpeg,
59963933,8th row age group ,NA,5,NA,NA,1,NA,NA,https://changes-ifr.s3.us-east-2.amazonaws.com/ss2/GROW/a_first/NEWAYGO_FREMONT_GROW_0004_1.jpeg,https://changes-ifr.s3.us-east-2.amazonaws.com/ss2/GROW/a_first/NEWAYGO_FREMONT_GROW_0004_2.jpeg,
59963933,9th row age group ,NA,6,NA,NA,1,NA,NA,https://changes-ifr.s3.us-east-2.amazonaws.com/ss2/GROW/a_first/NEWAYGO_FREMONT_GROW_0004_1.jpeg,https://changes-ifr.s3.us-east-2.amazonaws.com/ss2/GROW/a_first/NEWAYGO_FREMONT_GROW_0004_2.jpeg,
59963933,Fourth row age group ,NA,1,NA,NA,1,NA,NA,https://changes-ifr.s3.us-east-2.amazonaws.com/ss2/GROW/a_first/NEWAYGO_FREMONT_GROW_0004_1.jpeg,https://changes-ifr.s3.us-east-2.amazonaws.com/ss2/GROW/a_first/NEWAYGO_FREMONT_GROW_0004_2.jpeg,
59964058,5th row age group ,,5,8,NA,2,1,NA,,,
59964198,5th row age group ,5,5,NA,NA,1,NA,NA,https://changes-ifr.s3.us-east-2.amazonaws.com/ss2/GROW/a_first/OAKLAND_LOWERTROUT_GROW_0001_1.jpeg,https://changes-ifr.s3.us-east-2.amazonaws.com/ss2/GROW/a_first/OAKLAND_LOWERTROUT_GROW_0001_2.jpeg,
59964198,6th row age group ,6,6,NA,NA,1,NA,NA,https://changes-ifr.s3.us-east-2.amazonaws.com/ss2/GROW/a_first/OAKLAND_LOWERTROUT_GROW_0001_1.jpeg,https://changes-ifr.s3.us-east-2.amazonaws.com/ss2/GROW/a_first/OAKLAND_LOWERTROUT_GROW_0001_2.jpeg,
59964198,7th row age group ,7,7,NA,NA,1,NA,NA,https://changes-ifr.s3.us-east-2.amazonaws.com/ss2/GROW/a_first/OAKLAND_LOWERTROUT_GROW_0001_1.jpeg,https://changes-ifr.s3.us-east-2.amazonaws.com/ss2/GROW/a_first/OAKLAND_LOWERTROUT_GROW_0001_2.jpeg,
59964198,8th row age group ,8,8,NA,NA,1,NA,NA,https://changes-ifr.s3.us-east-2.amazonaws.com/ss2/GROW/a_first/OAKLAND_LOWERTROUT_GROW_0001_1.jpeg,https://changes-ifr.s3.us-east-2.amazonaws.com/ss2/GROW/a_first/OAKLAND_LOWERTROUT_GROW_0001_2.jpeg,
59964198,9th row age group ,9,9,NA,NA,1,NA,NA,https://changes-ifr.s3.us-east-2.amazonaws.com/ss2/GROW/a_first/OAKLAND_LOWERTROUT_GROW_0001_1.jpeg,https://changes-ifr.s3.us-east-2.amazonaws.com/ss2/GROW/a_first/OAKLAND_LOWERTROUT_GROW_0001_2.jpeg,
59964198,First row age group ,1,1,NA,NA,1,NA,NA,https://changes-ifr.s3.us-east-2.amazonaws.com/ss2/GROW/a_first/OAKLAND_LOWERTROUT_GROW_0001_1.jpeg,https://changes-ifr.s3.us-east-2.amazonaws.com/ss2/GROW/a_first/OAKLAND_LOWERTROUT_GROW_0001_2.jpeg,
59964198,Fourth row age group ,4,4,NA,NA,1,NA,NA,https://changes-ifr.s3.us-east-2.amazonaws.com/ss2/GROW/a_first/OAKLAND_LOWERTROUT_GROW_0001_1.jpeg,https://changes-ifr.s3.us-east-2.amazonaws.com/ss2/GROW/a_first/OAKLAND_LOWERTROUT_GROW_0001_2.jpeg,
59964198,Second row age group ,2,2,NA,NA,1,NA,NA,https://changes-ifr.s3.us-east-2.amazonaws.com/ss2/GROW/a_first/OAKLAND_LOWERTROUT_GROW_0001_1.jpeg,https://changes-ifr.s3.us-east-2.amazonaws.com/ss2/GROW/a_first/OAKLAND_LOWERTROUT_GROW_0001_2.jpeg,
59964198,Third row age group ,3,3,NA,NA,1,NA,NA,https://changes-ifr.s3.us-east-2.amazonaws.com/ss2/GROW/a_first/OAKLAND_LOWERTROUT_GROW_0001_1.jpeg,https://changes-ifr.s3.us-east-2.amazonaws.com/ss2/GROW/a_first/OAKLAND_LOWERTROUT_GROW_0001_2.jpeg,
59964377,5th row age group ,5,5,6,NA,2,2,NA,https://changes-ifr.s3.us-east-2.amazonaws.com/ss2/GROW/a_first/OGEMAW_BUSH_GROW_0002_1.jpeg,https://changes-ifr.s3.us-east-2.amazonaws.com/ss2/GROW/a_first/OGEMAW_BUSH_GROW_0002_2.jpeg,
59964377,Fourth row age group ,4,4,5,NA,2,2,NA,https://changes-ifr.s3.us-east-2.amazonaws.com/ss2/GROW/a_first/OGEMAW_BUSH_GROW_0002_1.jpeg,https://changes-ifr.s3.us-east-2.amazonaws.com/ss2/GROW/a_first/OGEMAW_BUSH_GROW_0002_2.jpeg,
59964377,Second row age group ,2,2,3,NA,2,2,NA,https://changes-ifr.s3.us-east-2.amazonaws.com/ss2/GROW/a_first/OGEMAW_BUSH_GROW_0002_1.jpeg,https://changes-ifr.s3.us-east-2.amazonaws.com/ss2/GROW/a_first/OGEMAW_BUSH_GROW_0002_2.jpeg,
59964377,Third row age group ,3,3,4,NA,2,2,NA,https://changes-ifr.s3.us-east-2.amazonaws.com/ss2/GROW/a_first/OGEMAW_BUSH_GROW_0002_1.jpeg,https://changes-ifr.s3.us-east-2.amazonaws.com/ss2/GROW/a_first/OGEMAW_BUSH_GROW_0002_2.jpeg,
59964379,5th row age group ,6,6,5,NA,2,1,NA,https://changes-ifr.s3.us-east-2.amazonaws.com/ss2/GROW/a_first/OGEMAW_BUSH_GROW_0004_1.jpeg,https://changes-ifr.s3.us-east-2.amazonaws.com/ss2/GROW/a_first/OGEMAW_BUSH_GROW_0004_2.jpeg,
59964379,6th row age group ,7,7,6,NA,2,1,NA,https://changes-ifr.s3.us-east-2.amazonaws.com/ss2/GROW/a_first/OGEMAW_BUSH_GROW_0004_1.jpeg,https://changes-ifr.s3.us-east-2.amazonaws.com/ss2/GROW/a_first/OGEMAW_BUSH_GROW_0004_2.jpeg,
59964379,7th row age group ,8,8,7,NA,2,1,NA,https://changes-ifr.s3.us-east-2.amazonaws.com/ss2/GROW/a_first/OGEMAW_BUSH_GROW_0004_1.jpeg,https://changes-ifr.s3.us-east-2.amazonaws.com/ss2/GROW/a_first/OGEMAW_BUSH_GROW_0004_2.jpeg,
59964379,8th row age group ,NA,8,NA,NA,1,NA,NA,https://changes-ifr.s3.us-east-2.amazonaws.com/ss2/GROW/a_first/OGEMAW_BUSH_GROW_0004_1.jpeg,https://changes-ifr.s3.us-east-2.amazonaws.com/ss2/GROW/a_first/OGEMAW_BUSH_GROW_0004_2.jpeg,
59964379,Fourth row age group ,5,5,4,NA,2,1,NA,https://changes-ifr.s3.us-east-2.amazonaws.com/ss2/GROW/a_first/OGEMAW_BUSH_GROW_0004_1.jpeg,https://changes-ifr.s3.us-east-2.amazonaws.com/ss2/GROW/a_first/OGEMAW_BUSH_GROW_0004_2.jpeg,
59964379,Second row age group ,3,3,2,NA,2,1,NA,https://changes-ifr.s3.us-east-2.amazonaws.com/ss2/GROW/a_first/OGEMAW_BUSH_GROW_0004_1.jpeg,https://changes-ifr.s3.us-east-2.amazonaws.com/ss2/GROW/a_first/OGEMAW_BUSH_GROW_0004_2.jpeg,
59964379,Third row age group ,4,4,3,NA,2,1,NA,https://changes-ifr.s3.us-east-2.amazonaws.com/ss2/GROW/a_first/OGEMAW_BUSH_GROW_0004_1.jpeg,https://changes-ifr.s3.us-east-2.amazonaws.com/ss2/GROW/a_first/OGEMAW_BUSH_GROW_0004_2.jpeg,
59964410,First row age group ,,1,NA,NA,1,NA,NA,,,
59964410,Second row age group ,,2,NA,NA,1,NA,NA,,,
59964410,Third row age group ,,3,NA,NA,1,NA,NA,,,
59964411,First row age group ,,1,NA,NA,1,NA,NA,,,
59964411,Fourth row age group ,,4,NA,NA,1,NA,NA,,,
59964411,Second row age group ,,2,NA,NA,1,NA,NA,,,
59964411,Third row age group ,,3,NA,NA,1,NA,NA,,,
59964438,10th row age group ,,9,NA,NA,1,NA,NA,,,
59964438,11th row age group ,,10,NA,NA,1,NA,NA,,,
59964438,5th row age group ,,4,NA,NA,1,NA,NA,,,
59964438,6th row age group ,,5,NA,NA,1,NA,NA,,,
59964438,7th row age group ,,6,NA,NA,1,NA,NA,,,
59964438,8th row age group ,,7,NA,NA,1,NA,NA,,,
59964438,9th row age group ,,8,NA,NA,1,NA,NA,,,
59964438,First row age group ,,0,NA,NA,1,NA,NA,,,
59964438,Fourth row age group ,,3,NA,NA,1,NA,NA,,,
59964438,Second row age group ,,1,NA,NA,1,NA,NA,,,
59964438,Third row age group ,,2,NA,NA,1,NA,NA,,,
59964441,First row age group ,,0,2,NA,1,1,NA,,,
59964441,Second row age group ,,0,3,NA,1,1,NA,,,
59964475,First row age group ,,2,0,NA,1,1,NA,,,
59964637,5th row age group ,5,6,5,NA,2,2,NA,https://changes-ifr.s3.us-east-2.amazonaws.com/ss2/GROW/a_first/OSCODA_PERRY_GROW_0002_1.jpg,https://changes-ifr.s3.us-east-2.amazonaws.com/ss2/GROW/a_first/OSCODA_PERRY_GROW_0002_2.jpg,
61362002,5th row age group ,NA,2,NA,NA,1,NA,NA,https://changes-ifr.s3.us-east-2.amazonaws.com/ss3/GROW/double/MONTCALM_CLIFFORDT11N7WS3031_GROW_0004_1.jpeg,https://changes-ifr.s3.us-east-2.amazonaws.com/ss3/GROW/double/MONTCALM_CLIFFORDT11N7WS3031_GROW_0004_2.jpeg,
61362002,6th row age group ,NA,3,NA,NA,1,NA,NA,https://changes-ifr.s3.us-east-2.amazonaws.com/ss3/GROW/double/MONTCALM_CLIFFORDT11N7WS3031_GROW_0004_1.jpeg,https://changes-ifr.s3.us-east-2.amazonaws.com/ss3/GROW/double/MONTCALM_CLIFFORDT11N7WS3031_GROW_0004_2.jpeg,
61362002,7th row age group ,NA,4,NA,NA,1,NA,NA,https://changes-ifr.s3.us-east-2.amazonaws.com/ss3/GROW/double/MONTCALM_CLIFFORDT11N7WS3031_GROW_0004_1.jpeg,https://changes-ifr.s3.us-east-2.amazonaws.com/ss3/GROW/double/MONTCALM_CLIFFORDT11N7WS3031_GROW_0004_2.jpeg,
61362005,6th row age group ,NA,7,NA,NA,1,NA,NA,https://changes-ifr.s3.us-east-2.amazonaws.com/ss3/GROW/double/MONTCALM_CLIFFORDT11N7WS3031_GROW_0007_1.jpeg,https://changes-ifr.s3.us-east-2.amazonaws.com/ss3/GROW/double/MONTCALM_CLIFFORDT11N7WS3031_GROW_0007_2.jpeg,
61362010,10th row age group ,NA,4,NA,NA,1,NA,NA,https://changes-ifr.s3.us-east-2.amazonaws.com/ss3/GROW/double/MONTCALM_COWDEN_GROW_0003_1.jpeg,https://changes-ifr.s3.us-east-2.amazonaws.com/ss3/GROW/double/MONTCALM_COWDEN_GROW_0003_2.jpeg,
61362010,11th row age group ,NA,6,NA,NA,1,NA,NA,https://changes-ifr.s3.us-east-2.amazonaws.com/ss3/GROW/double/MONTCALM_COWDEN_GROW_0003_1.jpeg,https://changes-ifr.s3.us-east-2.amazonaws.com/ss3/GROW/double/MONTCALM_COWDEN_GROW_0003_2.jpeg,
61362010,12th row age group ,NA,7,NA,NA,1,NA,NA,https://changes-ifr.s3.us-east-2.amazonaws.com/ss3/GROW/double/MONTCALM_COWDEN_GROW_0003_1.jpeg,https://changes-ifr.s3.us-east-2.amazonaws.com/ss3/GROW/double/MONTCALM_COWDEN_GROW_0003_2.jpeg,
61362010,7th row age group ,NA,1,NA,NA,1,NA,NA,https://changes-ifr.s3.us-east-2.amazonaws.com/ss3/GROW/double/MONTCALM_COWDEN_GROW_0003_1.jpeg,https://changes-ifr.s3.us-east-2.amazonaws.com/ss3/GROW/double/MONTCALM_COWDEN_GROW_0003_2.jpeg,
61362010,8th row age group ,NA,2,NA,NA,1,NA,NA,https://changes-ifr.s3.us-east-2.amazonaws.com/ss3/GROW/double/MONTCALM_COWDEN_GROW_0003_1.jpeg,https://changes-ifr.s3.us-east-2.amazonaws.com/ss3/GROW/double/MONTCALM_COWDEN_GROW_0003_2.jpeg,
61362010,9th row age group ,NA,3,NA,NA,1,NA,NA,https://changes-ifr.s3.us-east-2.amazonaws.com/ss3/GROW/double/MONTCALM_COWDEN_GROW_0003_1.jpeg,https://changes-ifr.s3.us-east-2.amazonaws.com/ss3/GROW/double/MONTCALM_COWDEN_GROW_0003_2.jpeg,
61362144,10th row age group ,NA,2,NA,NA,1,NA,NA,https://changes-ifr.s3.us-east-2.amazonaws.com/ss3/GROW/double/WASHTENAW_DEADT1SR6ES67_GROW_0001_1.jpeg,https://changes-ifr.s3.us-east-2.amazonaws.com/ss3/GROW/double/WASHTENAW_DEADT1SR6ES67_GROW_0001_2.jpeg,
61362144,11th row age group ,NA,3,NA,NA,1,NA,NA,https://changes-ifr.s3.us-east-2.amazonaws.com/ss3/GROW/double/WASHTENAW_DEADT1SR6ES67_GROW_0001_1.jpeg,https://changes-ifr.s3.us-east-2.amazonaws.com/ss3/GROW/double/WASHTENAW_DEADT1SR6ES67_GROW_0001_2.jpeg,
61362144,12th row age group ,NA,4,NA,NA,1,NA,NA,https://changes-ifr.s3.us-east-2.amazonaws.com/ss3/GROW/double/WASHTENAW_DEADT1SR6ES67_GROW_0001_1.jpeg,https://changes-ifr.s3.us-east-2.amazonaws.com/ss3/GROW/double/WASHTENAW_DEADT1SR6ES67_GROW_0001_2.jpeg,
61362144,13th row age group ,NA,5,NA,NA,1,NA,NA,https://changes-ifr.s3.us-east-2.amazonaws.com/ss3/GROW/double/WASHTENAW_DEADT1SR6ES67_GROW_0001_1.jpeg,https://changes-ifr.s3.us-east-2.amazonaws.com/ss3/GROW/double/WASHTENAW_DEADT1SR6ES67_GROW_0001_2.jpeg,
61362144,14th row age group ,NA,6,NA,NA,1,NA,NA,https://changes-ifr.s3.us-east-2.amazonaws.com/ss3/GROW/double/WASHTENAW_DEADT1SR6ES67_GROW_0001_1.jpeg,https://changes-ifr.s3.us-east-2.amazonaws.com/ss3/GROW/double/WASHTENAW_DEADT1SR6ES67_GROW_0001_2.jpeg,
61362144,9th row age group ,NA,1,NA,NA,1,NA,NA,https://changes-ifr.s3.us-east-2.amazonaws.com/ss3/GROW/double/WASHTENAW_DEADT1SR6ES67_GROW_0001_1.jpeg,https://changes-ifr.s3.us-east-2.amazonaws.com/ss3/GROW/double/WASHTENAW_DEADT1SR6ES67_GROW_0001_2.jpeg,
61362145,10th row age group ,NA,2,NA,NA,1,NA,NA,https://changes-ifr.s3.us-east-2.amazonaws.com/ss3/GROW/double/WASHTENAW_DEADT1SR6ES67_GROW_0002_1.jpeg,https://changes-ifr.s3.us-east-2.amazonaws.com/ss3/GROW/double/WASHTENAW_DEADT1SR6ES67_GROW_0002_2.jpeg,
61362145,11th row age group ,NA,3,NA,NA,1,NA,NA,https://changes-ifr.s3.us-east-2.amazonaws.com/ss3/GROW/double/WASHTENAW_DEADT1SR6ES67_GROW_0002_1.jpeg,https://changes-ifr.s3.us-east-2.amazonaws.com/ss3/GROW/double/WASHTENAW_DEADT1SR6ES67_GROW_0002_2.jpeg,
61362145,12th row age group ,NA,4,NA,NA,1,NA,NA,https://changes-ifr.s3.us-east-2.amazonaws.com/ss3/GROW/double/WASHTENAW_DEADT1SR6ES67_GROW_0002_1.jpeg,https://changes-ifr.s3.us-east-2.amazonaws.com/ss3/GROW/double/WASHTENAW_DEADT1SR6ES67_GROW_0002_2.jpeg,
61362145,13th row age group ,NA,5,NA,NA,1,NA,NA,https://changes-ifr.s3.us-east-2.amazonaws.com/ss3/GROW/double/WASHTENAW_DEADT1SR6ES67_GROW_0002_1.jpeg,https://changes-ifr.s3.us-east-2.amazonaws.com/ss3/GROW/double/WASHTENAW_DEADT1SR6ES67_GROW_0002_2.jpeg,
61362145,14th row age group ,NA,6,NA,NA,1,NA,NA,https://changes-ifr.s3.us-east-2.amazonaws.com/ss3/GROW/double/WASHTENAW_DEADT1SR6ES67_GROW_0002_1.jpeg,https://changes-ifr.s3.us-east-2.amazonaws.com/ss3/GROW/double/WASHTENAW_DEADT1SR6ES67_GROW_0002_2.jpeg,
61362145,9th row age group ,NA,1,NA,NA,1,NA,NA,https://changes-ifr.s3.us-east-2.amazonaws.com/ss3/GROW/double/WASHTENAW_DEADT1SR6ES67_GROW_0002_1.jpeg,https://changes-ifr.s3.us-east-2.amazonaws.com/ss3/GROW/double/WASHTENAW_DEADT1SR6ES67_GROW_0002_2.jpeg,
61362190,5th row age group ,6,6,4,NA,2,1,NA,https://changes-ifr.s3.us-east-2.amazonaws.com/ss3/GROW/double/WASHTENAW_SECONDSISTER_GROW_0001_1.jpeg,https://changes-ifr.s3.us-east-2.amazonaws.com/ss3/GROW/double/WASHTENAW_SECONDSISTER_GROW_0001_2.jpeg,
61362221,6th row age group ,NA,7,NA,NA,1,NA,NA,https://changes-ifr.s3.us-east-2.amazonaws.com/ss3/GROW/double/WEXFORD_MITCHELL_GROW_0003_1.jpeg,https://changes-ifr.s3.us-east-2.amazonaws.com/ss3/GROW/double/WEXFORD_MITCHELL_GROW_0003_2.jpeg,
61379420,6th row age group ,7,8,7,NA,2,2,NA,https://changes-ifr.s3.us-east-2.amazonaws.com/ss2/GROW/a_first/CALHOUN_WABASCON_GROW_0001_1.jpeg,https://changes-ifr.s3.us-east-2.amazonaws.com/ss2/GROW/a_first/CALHOUN_WABASCON_GROW_0001_2.jpeg,
61379420,7th row age group ,8,9,8,NA,2,2,NA,https://changes-ifr.s3.us-east-2.amazonaws.com/ss2/GROW/a_first/CALHOUN_WABASCON_GROW_0001_1.jpeg,https://changes-ifr.s3.us-east-2.amazonaws.com/ss2/GROW/a_first/CALHOUN_WABASCON_GROW_0001_2.jpeg,