"subject_id","new_key","lakename","county","age_group","fish_count","length_min_mm","length_max_mm","length_mean_mm","begin_date_day","begin_date_month","begin_date_year","end_date_day","end_date_month","end_date_year","comment","url_front","url_back"
58642649,"19-201","OVID","Clinton",3,1,762,NA,762,18,"June",1981,NA,NA,NA,NA,"https://changes-ifr.s3.us-east-2.amazonaws.com/ss1/GROW/single/Clinton_Ovid_003.jpg",NA
58642655,"20-44","MARGRETHE","Crawford",3,1,683.26,NA,683.26,16,"May",1988,19,"May",1988,NA,"https://changes-ifr.s3.us-east-2.amazonaws.com/ss1/GROW/single/Crawford_Margrethe_GROW_122.jpg",NA
58642767,"41-278","PINEISLANDBIG","Kent",3,2,787,NA,787,2,"October",1978,3,"October",1978,NA,"https://changes-ifr.s3.us-east-2.amazonaws.com/ss1/GROW/single/Kent_PineIslandBig_GROW_003.jpg",NA
58642774,"42-93","BAILEY","Keweenaw",5,1,701.04,NA,701.04,29,"August",NA,30,"August",NA,NA,"https://changes-ifr.s3.us-east-2.amazonaws.com/ss1/GROW/single/Keweenaw_Bailey_GROW_20200313152209706_0003.jpeg",NA
59688138,"54-51","ROUND","Mecosta",2,2,541.02,604.52,574.04,16,"April",1991,NA,"April",NA,NA,"https://changes-ifr.s3.us-east-2.amazonaws.com/ss2/GROW/single/Mecosta_Round_GROW_034.jpg",NA
59688090,"61-7","MONA","MUSKEGON",5,3,802.64,947.42,NA,30,"April",1996,1,"May",1996,NA,"https://changes-ifr.s3.us-east-2.amazonaws.com/ss2/GROW/single/MUSKEGON_MONA_GROW_0001.jpeg",NA
59688089,"61-7","MONA","MUSKEGON",5,3,802.64,947.42,NA,1,"May",1996,1,"May",1996,NA,"https://changes-ifr.s3.us-east-2.amazonaws.com/ss2/GROW/single/MUSKEGON_MONA_GROW_0007.jpeg",NA
59962244,"1-52","CEDAR","ALCONA",0,4,266.7,327.66,297.18,8,"October",1990,11,"October",1990,NA,"https://changes-ifr.s3.us-east-2.amazonaws.com/ss2/GROW/a_first/ALCONA_CEDAR_GROW_0001_1.jpeg","https://changes-ifr.s3.us-east-2.amazonaws.com/ss2/GROW/a_first/ALCONA_CEDAR_GROW_0001_2.jpeg"
59962251,"1-52","CEDAR","ALCONA",2,3,546.1,601.98,581.66,25,"August",1982,27,"August",1982,NA,"https://changes-ifr.s3.us-east-2.amazonaws.com/ss2/GROW/a_first/ALCONA_CEDAR_GROW_0006_1.jpeg","https://changes-ifr.s3.us-east-2.amazonaws.com/ss2/GROW/a_first/ALCONA_CEDAR_GROW_0006_2.jpeg"
59962250,"1-52","CEDAR","ALCONA",0,2,210.82,NA,210.82,25,"August",1982,27,"August",1982,NA,"https://changes-ifr.s3.us-east-2.amazonaws.com/ss2/GROW/a_first/ALCONA_CEDAR_GROW_0007_1.jpeg","https://changes-ifr.s3.us-east-2.amazonaws.com/ss2/GROW/a_first/ALCONA_CEDAR_GROW_0007_2.jpeg"
59962361,"2-627","KINGSTON","ALGER",3,1,751.84,NA,751.84,23,"July",1986,27,"July",1986,NA,"https://changes-ifr.s3.us-east-2.amazonaws.com/ss2/GROW/a_first/ALGER_KINGSTON_GROW_0002_1.jpeg","https://changes-ifr.s3.us-east-2.amazonaws.com/ss2/GROW/a_first/ALGER_KINGSTON_GROW_0002_2.jpeg"
59962359,"2-627","KINGSTON","ALGER",1,2,290,325,308,19,"June",1979,28,"June",1979,NA,"https://changes-ifr.s3.us-east-2.amazonaws.com/ss2/GROW/a_first/ALGER_KINGSTON_GROW_0003_1.jpeg","https://changes-ifr.s3.us-east-2.amazonaws.com/ss2/GROW/a_first/ALGER_KINGSTON_GROW_0003_2.jpeg"
59962430,"3-153","DUMONT","ALLEGAN",1,4,523.24,629.92,563.88,30,"September",1985,21,"October",1985,NA,"https://changes-ifr.s3.us-east-2.amazonaws.com/ss2/GROW/a_first/ALLEGAN_DUMONT_GROW_0001_1.jpeg","https://changes-ifr.s3.us-east-2.amazonaws.com/ss2/GROW/a_first/ALLEGAN_DUMONT_GROW_0001_2.jpeg"
59962429,"3-153","DUMONT","ALLEGAN",2,2,502.92,538.48,520.7,8,"May",1990,9,"May",1990,NA,"https://changes-ifr.s3.us-east-2.amazonaws.com/ss2/GROW/a_first/ALLEGAN_DUMONT_GROW_0002_1.jpeg","https://changes-ifr.s3.us-east-2.amazonaws.com/ss2/GROW/a_first/ALLEGAN_DUMONT_GROW_0002_2.jpeg"
59962441,"3-71","OSTERHOUT","ALLEGAN",1,5,259.08,309.88,274.32,19,"April",1990,20,"April",1990,NA,"https://changes-ifr.s3.us-east-2.amazonaws.com/ss2/GROW/a_first/ALLEGAN_OSTERHOUT_GROW_0001_1.jpeg","https://changes-ifr.s3.us-east-2.amazonaws.com/ss2/GROW/a_first/ALLEGAN_OSTERHOUT_GROW_0001_2.jpeg"
59962442,"3-71","OSTERHOUT","ALLEGAN",1,2,206,226,216,5,"April",1979,18,"April",1979,NA,"https://changes-ifr.s3.us-east-2.amazonaws.com/ss2/GROW/a_first/ALLEGAN_OSTERHOUT_GROW_0002_1.jpeg","https://changes-ifr.s3.us-east-2.amazonaws.com/ss2/GROW/a_first/ALLEGAN_OSTERHOUT_GROW_0002_2.jpeg"
59962566,"7-389","CRAIG","BARAGA",3,1,538.48,NA,538.48,21,"June",1983,23,"June",1983,NA,"https://changes-ifr.s3.us-east-2.amazonaws.com/ss2/GROW/a_first/BARAGA_CRAIG_GROW_0006_1.jpeg","https://changes-ifr.s3.us-east-2.amazonaws.com/ss2/GROW/a_first/BARAGA_CRAIG_GROW_0006_2.jpeg"
59962620,"8-202","CROOKEDLOWER","BARRY",2,3,520.7,591.82,558.8,25,"April",1990,26,"April",1990,NA,"https://changes-ifr.s3.us-east-2.amazonaws.com/ss2/GROW/a_first/BARRY_CROOKEDLOWER_GROW_0001_1.jpeg","https://changes-ifr.s3.us-east-2.amazonaws.com/ss2/GROW/a_first/BARRY_CROOKEDLOWER_GROW_0001_2.jpeg"
59962619,"8-202","CROOKEDLOWER","BARRY",2,4,614.68,708.66,675.64,30,"September",1981,NA,"September",NA,NA,"https://changes-ifr.s3.us-east-2.amazonaws.com/ss2/GROW/a_first/BARRY_CROOKEDLOWER_GROW_0002_1.jpeg","https://changes-ifr.s3.us-east-2.amazonaws.com/ss2/GROW/a_first/BARRY_CROOKEDLOWER_GROW_0002_2.jpeg"
59962726,"10-140","PLATTELITTLE","BENZIE",3,4,614.68,706.12,647.7,23,"June",1981,26,"June",1981,NA,"https://changes-ifr.s3.us-east-2.amazonaws.com/ss2/GROW/a_first/BENZIE_PLATTELITTLE_GROW_0001_1.jpeg","https://changes-ifr.s3.us-east-2.amazonaws.com/ss2/GROW/a_first/BENZIE_PLATTELITTLE_GROW_0001_2.jpeg"
59962748,"12-90","COLDWATER","BRANCH",0,2,177.8,198.12,187.96,30,"October",1986,30,"October",1986,NA,"https://changes-ifr.s3.us-east-2.amazonaws.com/ss2/GROW/a_first/BRANCH_COLDWATER_GROW_0008_1.jpeg","https://changes-ifr.s3.us-east-2.amazonaws.com/ss2/GROW/a_first/BRANCH_COLDWATER_GROW_0008_2.jpeg"
59962768,"12-50","MARBLE","BRANCH",1,1,340.36,NA,340.36,15,"May",1986,16,"May",1986,NA,"https://changes-ifr.s3.us-east-2.amazonaws.com/ss2/GROW/a_first/BRANCH_MARBLE_GROW_0001_1.jpeg","https://changes-ifr.s3.us-east-2.amazonaws.com/ss2/GROW/a_first/BRANCH_MARBLE_GROW_0001_2.jpeg"
59962784,"30-234","ROSE","BRANCH",2,1,589.28,NA,589.28,10,"October",1983,NA,"October",NA,NA,"https://changes-ifr.s3.us-east-2.amazonaws.com/ss2/GROW/a_first/BRANCH_ROSE_GROW_0002_1.jpeg","https://changes-ifr.s3.us-east-2.amazonaws.com/ss2/GROW/a_first/BRANCH_ROSE_GROW_0002_2.jpeg"
58754021,"16-194","TWINS","Cheboygan",3,1,515.62,NA,515.62,8,"June",1982,10,"June",1982,NA,"https://changes-ifr.s3.us-east-2.amazonaws.com/ss1/GROW/double/a_first/part1/Cheboygan_Twins_GROW_029.jpg","https://changes-ifr.s3.us-east-2.amazonaws.com/ss1/GROW/double/a_first/part1/Cheboygan_Twins_GROW_030.jpg"
58754029,"16-194","TWINS","Cheboygan",3,4,610,854,684,26,"June",1979,13,"July",1979,NA,"https://changes-ifr.s3.us-east-2.amazonaws.com/ss1/GROW/double/a_first/part1/Cheboygan_Twins_GROW_105.jpg","https://changes-ifr.s3.us-east-2.amazonaws.com/ss1/GROW/double/a_first/part1/Cheboygan_Twins_GROW_106.jpg"
58754047,"17-47","CARIBOU","Chippewa",3,1,543.56,NA,543.56,30,"April",1981,22,"May",1981,NA,"https://changes-ifr.s3.us-east-2.amazonaws.com/ss1/GROW/double/a_first/part1/Chippewa_Caribou_GROW_034.jpg","https://changes-ifr.s3.us-east-2.amazonaws.com/ss1/GROW/double/a_first/part1/Chippewa_Caribou_GROW_035.jpg"
58754049,"17-47","CARIBOU","Chippewa",0,2,305,345,325,30,"October",1979,30,"October",1979,NA,"https://changes-ifr.s3.us-east-2.amazonaws.com/ss1/GROW/double/a_first/part1/Chippewa_Caribou_GROW_036.jpg","https://changes-ifr.s3.us-east-2.amazonaws.com/ss1/GROW/double/a_first/part1/Chippewa_Caribou_GROW_037.jpg"
58754052,"17-47","CARIBOU","Chippewa",1,1,449.58,NA,449.58,6,"August",1970,NA,"August",NA,NA,"https://changes-ifr.s3.us-east-2.amazonaws.com/ss1/GROW/double/a_first/part1/Chippewa_Caribou_GROW_044.jpg","https://changes-ifr.s3.us-east-2.amazonaws.com/ss1/GROW/double/a_first/part1/Chippewa_Caribou_GROW_045.jpg"
58754058,"17-47","CARIBOU","Chippewa",2,2,586.74,589.28,586.74,19,"May",1986,24,"May",1986,NA,"https://changes-ifr.s3.us-east-2.amazonaws.com/ss1/GROW/double/a_first/part1/Chippewa_Caribou_GROW_207.jpg","https://changes-ifr.s3.us-east-2.amazonaws.com/ss1/GROW/double/a_first/part1/Chippewa_Caribou_GROW_208.jpg"
58754157,"18-206","BUDD","Clare",1,18,457.2,599.44,546.1,5,"April",1973,NA,NA,NA,NA,"https://changes-ifr.s3.us-east-2.amazonaws.com/ss1/GROW/double/a_first/part1/Clare_Budd_GROW_118.jpg","https://changes-ifr.s3.us-east-2.amazonaws.com/ss1/GROW/double/a_first/part1/Clare_Budd_GROW_119.jpg"
58754161,"18-206","BUDD","Clare",1,1,680.72,NA,680.72,23,"October",1991,NA,NA,NA,NA,"https://changes-ifr.s3.us-east-2.amazonaws.com/ss1/GROW/double/a_first/part1/Clare_Budd_GROW_128.jpg","https://changes-ifr.s3.us-east-2.amazonaws.com/ss1/GROW/double/a_first/part1/Clare_Budd_GROW_129.jpg"
58754267,"19-201","OVID","Clinton",1,1,375.92,NA,375.92,15,"September",1992,NA,NA,NA,NA,"https://changes-ifr.s3.us-east-2.amazonaws.com/ss1/GROW/double/a_first/part1/Clinton_Ovid_043.jpg","https://changes-ifr.s3.us-east-2.amazonaws.com/ss1/GROW/double/a_first/part1/Clinton_Ovid_044.jpg"
58754317,"20-44","MARGRETHE","Crawford",0,1,266.7,NA,266.7,15,"October",1990,15,"October",1990,NA,"https://changes-ifr.s3.us-east-2.amazonaws.com/ss1/GROW/double/a_first/part1/Crawford_Margrethe_GROW_111.jpg","https://changes-ifr.s3.us-east-2.amazonaws.com/ss1/GROW/double/a_first/part1/Crawford_Margrethe_GROW_112.jpg"
58754473,"27-495","MARION","Gogebic",1,21,347.98,439.42,383.54,NA,"June",1980,NA,"December",1980,NA,"https://changes-ifr.s3.us-east-2.amazonaws.com/ss1/GROW/double/a_first/part1/Gogebic_Marion_GROW_028.jpg","https://changes-ifr.s3.us-east-2.amazonaws.com/ss1/GROW/double/a_first/part1/Gogebic_Marion_GROW_029.jpg"
58754483,"27-761","POMEROY","Gogebic",5,1,678.18,NA,678.18,7,"August",1985,8,"August",1985,NA,"https://changes-ifr.s3.us-east-2.amazonaws.com/ss1/GROW/double/a_first/part1/Gogebic_Pomeroy_GROW_016.jpg","https://changes-ifr.s3.us-east-2.amazonaws.com/ss1/GROW/double/a_first/part1/Gogebic_Pomeroy_GROW_017.jpg"
58754555,"28-74","RENNIE","GrandTraverse",6,1,764.54,NA,764.54,15,"June",1993,16,"June",1993,NA,"https://changes-ifr.s3.us-east-2.amazonaws.com/ss1/GROW/double/a_first/part1/GrandTraverse_Rennie_GROW_024.jpg","https://changes-ifr.s3.us-east-2.amazonaws.com/ss1/GROW/double/a_first/part1/GrandTraverse_Rennie_GROW_025.jpg"
58754556,"28-74","RENNIE","GrandTraverse",2,18,510,675,577,1,"May",1979,3,"May",1979,NA,"https://changes-ifr.s3.us-east-2.amazonaws.com/ss1/GROW/double/a_first/part1/GrandTraverse_Rennie_GROW_126.jpg","https://changes-ifr.s3.us-east-2.amazonaws.com/ss1/GROW/double/a_first/part1/GrandTraverse_Rennie_GROW_127.jpg"
58754609,"31-909","GERALD","Houghton",4,1,NA,NA,548.64,27,"July",1982,29,"July",1982,NA,"https://changes-ifr.s3.us-east-2.amazonaws.com/ss1/GROW/double/a_first/part1/Houghton_Gerald_GROW_064.jpg","https://changes-ifr.s3.us-east-2.amazonaws.com/ss1/GROW/double/a_first/part1/Houghton_Gerald_GROW_065.jpg"
58754630,"31-915","ROLAND","Houghton",1,1,368.3,NA,368.3,NA,"July",1982,NA,"July",1982,NA,"https://changes-ifr.s3.us-east-2.amazonaws.com/ss1/GROW/double/a_first/part1/Houghton_Roland_GROW_030.jpg","https://changes-ifr.s3.us-east-2.amazonaws.com/ss1/GROW/double/a_first/part1/Houghton_Roland_GROW_031.jpg"
58754637,"33-128","LANSING","Ingham",2,2,497.84,520.7,510.54,30,"October",1984,31,"October",1984,NA,"https://changes-ifr.s3.us-east-2.amazonaws.com/ss1/GROW/double/a_first/part1/Ingham_Lansing_GROW_030.jpg","https://changes-ifr.s3.us-east-2.amazonaws.com/ss1/GROW/double/a_first/part1/Ingham_Lansing_GROW_031.jpg"
58754640,"33-128","LANSING","Ingham",4,2,576.58,604.52,591.82,12,"June",1984,20,"June",1984,NA,"https://changes-ifr.s3.us-east-2.amazonaws.com/ss1/GROW/double/a_first/part1/Ingham_Lansing_GROW_090.jpg","https://changes-ifr.s3.us-east-2.amazonaws.com/ss1/GROW/double/a_first/part1/Ingham_Lansing_GROW_091.jpg"
58754777,"36-384","IRON","Iron",5,1,889,NA,889,21,"April",1994,NA,NA,NA,NA,"https://changes-ifr.s3.us-east-2.amazonaws.com/ss1/GROW/double/a_first/part2/Iron_Iron_GROW_078.jpg","https://changes-ifr.s3.us-east-2.amazonaws.com/ss1/GROW/double/a_first/part2/Iron_Iron_GROW_079.jpg"
58754958,"39-263","AUSTIN","Kalamazoo",3,2,655.32,693.42,675.64,4,"May",1993,13,"May",1993,NA,"https://changes-ifr.s3.us-east-2.amazonaws.com/ss1/GROW/double/a_first/part2/Kalamazoo_Austin_GROW_035.jpg","https://changes-ifr.s3.us-east-2.amazonaws.com/ss1/GROW/double/a_first/part2/Kalamazoo_Austin_GROW_036.jpg"
58754960,"39-263","AUSTIN","Kalamazoo",2,1,424.18,NA,424.18,20,"April",1987,1,"April",1987,NA,"https://changes-ifr.s3.us-east-2.amazonaws.com/ss1/GROW/double/a_first/part2/Kalamazoo_Austin_GROW_049.jpg","https://changes-ifr.s3.us-east-2.amazonaws.com/ss1/GROW/double/a_first/part2/Kalamazoo_Austin_GROW_050.jpg"
58755056,"41-45","CAMPAU","Kent",3,1,546.1,NA,546.1,22,"June",1977,NA,NA,NA,NA,"https://changes-ifr.s3.us-east-2.amazonaws.com/ss1/GROW/double/a_first/part2/Kent_Campau_GROW_024.jpg","https://changes-ifr.s3.us-east-2.amazonaws.com/ss1/GROW/double/a_first/part2/Kent_Campau_GROW_025.jpg"
58755057,"41-45","CAMPAU","Kent",3,2,695.96,835.66,767.08,12,"April",1972,20,"April",1972,NA,"https://changes-ifr.s3.us-east-2.amazonaws.com/ss1/GROW/double/a_first/part2/Kent_Campau_GROW_038.jpg","https://changes-ifr.s3.us-east-2.amazonaws.com/ss1/GROW/double/a_first/part2/Kent_Campau_GROW_039.jpg"
58755053,"41-45","CAMPAU","Kent",1,4,444.5,462.28,457.2,6,"September",1967,NA,NA,1967,NA,"https://changes-ifr.s3.us-east-2.amazonaws.com/ss1/GROW/double/a_first/part2/Kent_Campau_GROW_040.jpg","https://changes-ifr.s3.us-east-2.amazonaws.com/ss1/GROW/double/a_first/part2/Kent_Campau_GROW_041.jpg"
58755059,"41-45","CAMPAU","Kent",2,1,NA,NA,487.68,16,"May",1990,16,"May",1990,NA,"https://changes-ifr.s3.us-east-2.amazonaws.com/ss1/GROW/double/a_first/part2/Kent_Campau_GROW_064.jpg","https://changes-ifr.s3.us-east-2.amazonaws.com/ss1/GROW/double/a_first/part2/Kent_Campau_GROW_065.jpg"
58755070,"41-209","DEAN","Kent",5,1,1150.62,NA,1150.62,24,"June",1975,1,"September",1975,NA,"https://changes-ifr.s3.us-east-2.amazonaws.com/ss1/GROW/double/a_first/part2/Kent_Dean_GROW_019.jpg","https://changes-ifr.s3.us-east-2.amazonaws.com/ss1/GROW/double/a_first/part2/Kent_Dean_GROW_020.jpg"
58755072,"41-209","DEAN","Kent",3,2,457.2,528.32,492.76,12,"April",1972,NA,"April",NA,NA,"https://changes-ifr.s3.us-east-2.amazonaws.com/ss1/GROW/double/a_first/part2/Kent_Dean_GROW_027.jpg","https://changes-ifr.s3.us-east-2.amazonaws.com/ss1/GROW/double/a_first/part2/Kent_Dean_GROW_028.jpg"
58755071,"41-209","DEAN","Kent",3,3,563.88,655.32,607.06,16,"June",1977,17,"June",1977,NA,"https://changes-ifr.s3.us-east-2.amazonaws.com/ss1/GROW/double/a_first/part2/Kent_Dean_GROW_029.jpg","https://changes-ifr.s3.us-east-2.amazonaws.com/ss1/GROW/double/a_first/part2/Kent_Dean_GROW_030.jpg"
58755073,"41-209","DEAN","Kent",2,1,381,NA,381,8,"June",1970,8,"June",1970,NA,"https://changes-ifr.s3.us-east-2.amazonaws.com/ss1/GROW/double/a_first/part2/Kent_Dean_GROW_031.jpg","https://changes-ifr.s3.us-east-2.amazonaws.com/ss1/GROW/double/a_first/part2/Kent_Dean_GROW_032.jpg"
58755076,"41-209","DEAN","Kent",2,1,NA,NA,487.68,17,"April",1990,17,"April",1990,NA,"https://changes-ifr.s3.us-east-2.amazonaws.com/ss1/GROW/double/a_first/part2/Kent_Dean_GROW_039.jpg","https://changes-ifr.s3.us-east-2.amazonaws.com/ss1/GROW/double/a_first/part2/Kent_Dean_GROW_040.jpg"
58755088,"41-586","LINCOLN","Kent",8,1,1168.4,NA,1168.4,6,"June",1984,NA,"June",NA,NA,"https://changes-ifr.s3.us-east-2.amazonaws.com/ss1/GROW/double/a_first/part2/Kent_Lincoln_GROW_073.jpg","https://changes-ifr.s3.us-east-2.amazonaws.com/ss1/GROW/double/a_first/part2/Kent_Lincoln_GROW_074.jpg"
58755107,"41-176","MURRAY","Kent",2,6,495,614,538,4,"October",1978,NA,NA,NA,NA,"https://changes-ifr.s3.us-east-2.amazonaws.com/ss1/GROW/double/a_first/part2/Kent_Murray_GROW_032.jpg","https://changes-ifr.s3.us-east-2.amazonaws.com/ss1/GROW/double/a_first/part2/Kent_Murray_GROW_033.jpg"
58755155,"42-93","BAILEY","Keweenaw",5,1,701.04,NA,701.04,29,"August",1985,30,"August",1985,NA,"https://changes-ifr.s3.us-east-2.amazonaws.com/ss1/GROW/double/a_first/part2/Keweenaw_Bailey_GROW_051.jpg","https://changes-ifr.s3.us-east-2.amazonaws.com/ss1/GROW/double/a_first/part2/Keweenaw_Bailey_GROW_052.jpg"
58755157,"42-93","BAILEY","Keweenaw",5,1,701.04,NA,701.04,29,"August",1985,30,"August",1985,NA,"https://changes-ifr.s3.us-east-2.amazonaws.com/ss1/GROW/double/a_first/part2/Keweenaw_Bailey_GROW_055.jpg","https://changes-ifr.s3.us-east-2.amazonaws.com/ss1/GROW/double/a_first/part2/Keweenaw_Bailey_GROW_056.jpg"
58755197,"43-95","STARBIG","Lake",5,1,759.46,NA,759.46,15,"May",1995,19,"May",1995,NA,"https://changes-ifr.s3.us-east-2.amazonaws.com/ss1/GROW/double/a_first/part2/Lake_StarBig_GROW_187.jpg","https://changes-ifr.s3.us-east-2.amazonaws.com/ss1/GROW/double/a_first/part2/Lake_StarBig_GROW_188.jpg"
58755201,"43-95","STARBIG","Lake",3,14,558.8,627.38,596.9,6,"May",1985,10,"May",1985,NA,"https://changes-ifr.s3.us-east-2.amazonaws.com/ss1/GROW/double/a_first/part2/Lake_StarBig_GROW_196.jpg","https://changes-ifr.s3.us-east-2.amazonaws.com/ss1/GROW/double/a_first/part2/Lake_StarBig_GROW_197.jpg"
58755202,"43-95","STARBIG","Lake",1,3,294.64,327.66,312.42,6,"May",1985,10,"May",1985,NA,"https://changes-ifr.s3.us-east-2.amazonaws.com/ss1/GROW/double/a_first/part2/Lake_StarBig_GROW_198.jpg","https://changes-ifr.s3.us-east-2.amazonaws.com/ss1/GROW/double/a_first/part2/Lake_StarBig_GROW_199.jpg"
58755226,"44-159","NEPESSING","Lapeer",2,1,386.08,NA,386.08,13,"April",1993,16,"April",1993,NA,"https://changes-ifr.s3.us-east-2.amazonaws.com/ss1/GROW/double/a_first/part2/Lapeer_NepessingLake_FISHc_088.jpg","https://changes-ifr.s3.us-east-2.amazonaws.com/ss1/GROW/double/a_first/part2/Lapeer_NepessingLake_FISHc_089.jpg"
59962960,"46-45","DEVILS","Lenawee",2,1,591.82,NA,591.82,17,"June",1992,18,"June",1992,NA,"https://changes-ifr.s3.us-east-2.amazonaws.com/ss2/GROW/a_first/Lenawee_Devils_GROW_171.jpg","https://changes-ifr.s3.us-east-2.amazonaws.com/ss2/GROW/a_first/Lenawee_Devils_GROW_172.jpg"
59963034,"47-343","WOODLAND","Livingston",3,1,487.68,NA,487.68,3,"June",1994,NA,NA,NA,NA,"https://changes-ifr.s3.us-east-2.amazonaws.com/ss2/GROW/a_first/Livingston_Woodland_GROW_074.jpg","https://changes-ifr.s3.us-east-2.amazonaws.com/ss2/GROW/a_first/Livingston_Woodland_GROW_075.jpg"
59963036,"47-343","WOODLAND","Livingston",3,1,487.68,NA,487.68,3,"June",1994,NA,"June",NA,NA,"https://changes-ifr.s3.us-east-2.amazonaws.com/ss2/GROW/a_first/Livingston_Woodland_GROW_083.jpg","https://changes-ifr.s3.us-east-2.amazonaws.com/ss2/GROW/a_first/Livingston_Woodland_GROW_084.jpg"
59963115,"48-24","KAKS","Luce",2,5,490.22,574.04,513.08,18,"May",1971,NA,"May",NA,NA,"https://changes-ifr.s3.us-east-2.amazonaws.com/ss2/GROW/a_first/Luce_Kak's_FISHs_033.jpg","https://changes-ifr.s3.us-east-2.amazonaws.com/ss2/GROW/a_first/Luce_Kak's_FISHs_034.jpg"
59963114,"48-24","KAKS","Luce",1,16,393.7,538.48,452.12,13,"August",1970,13,"August",1970,NA,"https://changes-ifr.s3.us-east-2.amazonaws.com/ss2/GROW/a_first/Luce_Kak's_FISHs_035.jpg","https://changes-ifr.s3.us-east-2.amazonaws.com/ss2/GROW/a_first/Luce_Kak's_FISHs_036.jpg"
59963222,"48-290","STUART","Luce",3,3,685.8,718.82,703.58,27,"August",1970,27,"August",1970,NA,"https://changes-ifr.s3.us-east-2.amazonaws.com/ss2/GROW/a_first/Luce_Stuart_FISHs_021.jpg","https://changes-ifr.s3.us-east-2.amazonaws.com/ss2/GROW/a_first/Luce_Stuart_FISHs_022.jpg"
59963353,"52-1075","ANGELINE","Marquette",1,3,370.84,386.08,375.92,16,"July",1982,16,"July",1982,NA,"https://changes-ifr.s3.us-east-2.amazonaws.com/ss2/GROW/a_first/Marquette_Angeline_GROW_019.jpg","https://changes-ifr.s3.us-east-2.amazonaws.com/ss2/GROW/a_first/Marquette_Angeline_GROW_020.jpg"
59963355,"52-196","BASS","Marquette",3,2,632.46,670.56,650.24,15,"July",1987,NA,"July",NA,NA,"https://changes-ifr.s3.us-east-2.amazonaws.com/ss2/GROW/a_first/Marquette_Bass45N_24W_S30_GROW_022.jpg","https://changes-ifr.s3.us-east-2.amazonaws.com/ss2/GROW/a_first/Marquette_Bass45N_24W_S30_GROW_023.jpg"
59963390,"52-291","SHAGBIG","Marquette",2,6,459.74,546.1,520.7,19,"June",1985,19,"June",1985,NA,"https://changes-ifr.s3.us-east-2.amazonaws.com/ss2/GROW/a_first/Marquette_ShagBig_GROW_016.jpg","https://changes-ifr.s3.us-east-2.amazonaws.com/ss2/GROW/a_first/Marquette_ShagBig_GROW_017.jpg"
59963394,"52-291","SHAGBIG","Marquette",2,1,635,NA,635,2,"September",1982,2,"September",1982,NA,"https://changes-ifr.s3.us-east-2.amazonaws.com/ss2/GROW/a_first/Marquette_ShagBig_GROW_018.jpg","https://changes-ifr.s3.us-east-2.amazonaws.com/ss2/GROW/a_first/Marquette_ShagBig_GROW_019.jpg"
59963396,"52-291","SHAGBIG","Marquette",5,1,850.9,NA,850.9,3,"May",1993,14,"May",1993,NA,"https://changes-ifr.s3.us-east-2.amazonaws.com/ss2/GROW/a_first/Marquette_ShagBig_GROW_054.jpg","https://changes-ifr.s3.us-east-2.amazonaws.com/ss2/GROW/a_first/Marquette_ShagBig_GROW_055.jpg"
59963422,"53-101","HACKERT","Mason",4,2,830.58,863.6,845.82,7,"May",1984,10,"May",1984,NA,"https://changes-ifr.s3.us-east-2.amazonaws.com/ss2/GROW/a_first/Mason_Hackert_GROW_058.jpg","https://changes-ifr.s3.us-east-2.amazonaws.com/ss2/GROW/a_first/Mason_Hackert_GROW_059.jpg"
59963420,"53-155","HAMLIN","Mason",1,1,332.74,NA,332.74,26,"April",1983,28,"April",1983,NA,"https://changes-ifr.s3.us-east-2.amazonaws.com/ss2/GROW/a_first/Mason_Hamlin_GROW_182.jpg","https://changes-ifr.s3.us-east-2.amazonaws.com/ss2/GROW/a_first/Mason_Hamlin_GROW_183.jpg"
59963425,"53-155","HAMLIN","Mason",1,1,332.74,NA,332.74,26,"April",1983,5,"May",1983,NA,"https://changes-ifr.s3.us-east-2.amazonaws.com/ss2/GROW/a_first/Mason_Hamlin_GROW_186.jpg","https://changes-ifr.s3.us-east-2.amazonaws.com/ss2/GROW/a_first/Mason_Hamlin_GROW_187.jpg"
59963428,"53-155","HAMLIN","Mason",4,6,543.56,673.1,609.6,18,"May",1992,29,"May",1992,NA,"https://changes-ifr.s3.us-east-2.amazonaws.com/ss2/GROW/a_first/Mason_Hamlin_GROW_204.jpg","https://changes-ifr.s3.us-east-2.amazonaws.com/ss2/GROW/a_first/Mason_Hamlin_GROW_205.jpg"
59963504,"54-232","CHIPPEWA","Mecosta",2,1,497.84,NA,497.84,15,"September",1987,17,"September",1987,NA,"https://changes-ifr.s3.us-east-2.amazonaws.com/ss2/GROW/a_first/Mecosta_Chippewa_GROW_106.jpg","https://changes-ifr.s3.us-east-2.amazonaws.com/ss2/GROW/a_first/Mecosta_Chippewa_GROW_107.jpg"
59963559,"54-51","ROUND","Mecosta",0,1,325.12,NA,325.12,17,"October",1983,20,"October",1983,NA,"https://changes-ifr.s3.us-east-2.amazonaws.com/ss2/GROW/a_first/Mecosta_Round_GROW_042.jpg","https://changes-ifr.s3.us-east-2.amazonaws.com/ss2/GROW/a_first/Mecosta_Round_GROW_043.jpg"
59963725,"61-144","BLUEBIG","MUSKEGON",2,2,645,818,732,12,"November",1978,NA,NA,NA,NA,"https://changes-ifr.s3.us-east-2.amazonaws.com/ss2/GROW/a_first/MUSKEGON_BLUEBIG_GROW_0009_1.jpeg","https://changes-ifr.s3.us-east-2.amazonaws.com/ss2/GROW/a_first/MUSKEGON_BLUEBIG_GROW_0009_2.jpeg"
59963924,"62-269","DIAMOND","NEWAYGO",1,1,284.48,NA,284.48,13,"May",1980,NA,"May",NA,NA,"https://changes-ifr.s3.us-east-2.amazonaws.com/ss2/GROW/a_first/NEWAYGO_DIAMOND_GROW_0002_1.jpeg","https://changes-ifr.s3.us-east-2.amazonaws.com/ss2/GROW/a_first/NEWAYGO_DIAMOND_GROW_0002_2.jpeg"
59964061,"63-1144","T BIG","OAKLAND",2,2,563.88,609.6,586.74,25,"May",1985,29,"May",1985,NA,"https://changes-ifr.s3.us-east-2.amazonaws.com/ss2/GROW/a_first/OAKLAND_BIGT4NR8ES2829_GROW_0005_1.jpeg","https://changes-ifr.s3.us-east-2.amazonaws.com/ss2/GROW/a_first/OAKLAND_BIGT4NR8ES2829_GROW_0005_2.jpeg"
59964146,"63-1692","HERON","OAKLAND",3,1,477.52,NA,477.52,12,"August",1988,NA,"August",NA,NA,"https://changes-ifr.s3.us-east-2.amazonaws.com/ss2/GROW/a_first/OAKLAND_HERON_GROW_0001_1.jpeg","https://changes-ifr.s3.us-east-2.amazonaws.com/ss2/GROW/a_first/OAKLAND_HERON_GROW_0001_2.jpeg"
59964302,"63-1047","TIPSICO","OAKLAND",2,1,543.56,NA,543.56,15,"September",1988,NA,"September",NA,NA,"https://changes-ifr.s3.us-east-2.amazonaws.com/ss2/GROW/a_first/OAKLAND_TIPSICO_GROW_0002_1.jpeg","https://changes-ifr.s3.us-east-2.amazonaws.com/ss2/GROW/a_first/OAKLAND_TIPSICO_GROW_0002_2.jpeg"
59964338,"64-178","CRYSTAL","OCEANA",1,1,269.24,NA,269.24,23,"April",1980,NA,"April",NA,NA,"https://changes-ifr.s3.us-east-2.amazonaws.com/ss2/GROW/a_first/OCEANA_CRYSTAL_GROW_0001_1.jpg","https://changes-ifr.s3.us-east-2.amazonaws.com/ss2/GROW/a_first/OCEANA_CRYSTAL_GROW_0001_2.jpg"
59964507,"66-406","VICTORIA","ONTONAGON",6,1,787.4,NA,787.4,NA,"August",1977,NA,"August",NA,NA,"https://changes-ifr.s3.us-east-2.amazonaws.com/ss2/GROW/a_first/ONTONAGON_VICTORIAPOND_GROW_0001_1.jpg","https://changes-ifr.s3.us-east-2.amazonaws.com/ss2/GROW/a_first/ONTONAGON_VICTORIAPOND_GROW_0001_2.jpg"
59964648,"68-142","TEA","OSCODA",9,1,1071.88,NA,1071.88,18,"May",1992,20,"May",1992,NA,"https://changes-ifr.s3.us-east-2.amazonaws.com/ss2/GROW/a_first/OSCODA_TEA_GROW_0008_1.jpg","https://changes-ifr.s3.us-east-2.amazonaws.com/ss2/GROW/a_first/OSCODA_TEA_GROW_0008_2.jpg"
59964649,"68-142","TEA","OSCODA",1,19,304.8,421.64,370.84,4,"June",1986,13,"June",1986,NA,"https://changes-ifr.s3.us-east-2.amazonaws.com/ss2/GROW/a_first/OSCODA_TEA_GROW_0010_1.jpg","https://changes-ifr.s3.us-east-2.amazonaws.com/ss2/GROW/a_first/OSCODA_TEA_GROW_0010_2.jpg"
59964650,"68-142","TEA","OSCODA",1,4,414.02,454.66,426.72,19,"July",1982,23,"July",1982,NA,"https://changes-ifr.s3.us-east-2.amazonaws.com/ss2/GROW/a_first/OSCODA_TEA_GROW_0011_1.jpg","https://changes-ifr.s3.us-east-2.amazonaws.com/ss2/GROW/a_first/OSCODA_TEA_GROW_0011_2.jpg"
59964651,"68-142","TEA","OSCODA",1,4,414.02,454.66,426.72,19,"July",1982,23,"July",1982,NA,"https://changes-ifr.s3.us-east-2.amazonaws.com/ss2/GROW/a_first/OSCODA_TEA_GROW_0012_1.jpg","https://changes-ifr.s3.us-east-2.amazonaws.com/ss2/GROW/a_first/OSCODA_TEA_GROW_0012_2.jpg"
58746624,"69-1","BEAR","Otsego",1,1,279.4,NA,279.4,20,"May",1985,24,"May",1985,NA,"https://changes-ifr.s3.us-east-2.amazonaws.com/ss1/GROW/double/b_first/Otsego_Bear_GROW_002.jpeg","https://changes-ifr.s3.us-east-2.amazonaws.com/ss1/GROW/double/b_first/Otsego_Bear_GROW_001.jpeg"
58746626,"69-1","BEAR","Otsego",2,4,619.76,660.4,640.08,10,"August",1978,NA,NA,NA,NA,"https://changes-ifr.s3.us-east-2.amazonaws.com/ss1/GROW/double/b_first/Otsego_Bear_GROW_014.jpeg","https://changes-ifr.s3.us-east-2.amazonaws.com/ss1/GROW/double/b_first/Otsego_Bear_GROW_013.jpeg"
58746622,"69-1","BEAR","Otsego",4,1,1066.8,NA,1066.8,23,"May",1974,23,"May",1974,NA,"https://changes-ifr.s3.us-east-2.amazonaws.com/ss1/GROW/double/b_first/Otsego_Bear_GROW_024.jpeg","https://changes-ifr.s3.us-east-2.amazonaws.com/ss1/GROW/double/b_first/Otsego_Bear_GROW_023.jpeg"
58746620,"69-1","BEAR","Otsego",1,8,566.42,698.5,640.08,3,"November",1971,4,"November",1971,NA,"https://changes-ifr.s3.us-east-2.amazonaws.com/ss1/GROW/double/b_first/Otsego_Bear_GROW_028.jpeg","https://changes-ifr.s3.us-east-2.amazonaws.com/ss1/GROW/double/b_first/Otsego_Bear_GROW_027.jpeg"
58746614,"69-1","BEAR","Otsego",2,14,629.92,772.16,751.84,22,"June",1972,22,"June",NA,NA,"https://changes-ifr.s3.us-east-2.amazonaws.com/ss1/GROW/double/b_first/Otsego_Bear_GROW_076.jpeg","https://changes-ifr.s3.us-east-2.amazonaws.com/ss1/GROW/double/b_first/Otsego_Bear_GROW_075.jpeg"
58746615,"69-1","BEAR","Otsego",0,1,238.76,NA,238.76,17,"July",1973,NA,NA,NA,NA,"https://changes-ifr.s3.us-east-2.amazonaws.com/ss1/GROW/double/b_first/Otsego_Bear_GROW_078.jpeg","https://changes-ifr.s3.us-east-2.amazonaws.com/ss1/GROW/double/b_first/Otsego_Bear_GROW_077.jpeg"
58746580,"69-185","DIXON","Otsego",3,1,645.16,NA,645.16,3,"June",1993,10,"June",1993,NA,"https://changes-ifr.s3.us-east-2.amazonaws.com/ss1/GROW/double/b_first/Otsego_Dixon_GROW_006.jpeg","https://changes-ifr.s3.us-east-2.amazonaws.com/ss1/GROW/double/b_first/Otsego_Dixon_GROW_005.jpeg"
58746552,"69-2","BEAR LITTLE","Otsego",1,8,243.84,289.56,269.24,15,"April",1982,17,"April",1982,NA,"https://changes-ifr.s3.us-east-2.amazonaws.com/ss1/GROW/double/b_first/Otsego_LittleBear_GROW_020.jpeg","https://changes-ifr.s3.us-east-2.amazonaws.com/ss1/GROW/double/b_first/Otsego_LittleBear_GROW_019.jpeg"
58746547,"69-2","BEAR LITTLE","Otsego",5,1,754.38,NA,754.38,23,"May",1983,27,"May",1983,NA,"https://changes-ifr.s3.us-east-2.amazonaws.com/ss1/GROW/double/b_first/Otsego_LittleBear_GROW_022.jpeg","https://changes-ifr.s3.us-east-2.amazonaws.com/ss1/GROW/double/b_first/Otsego_LittleBear_GROW_021.jpeg"
58746549,"69-2","BEAR LITTLE","Otsego",2,1,530,NA,530,2,"November",1979,2,"November",1979,NA,"https://changes-ifr.s3.us-east-2.amazonaws.com/ss1/GROW/double/b_first/Otsego_LittleBear_GROW_040.jpeg","https://changes-ifr.s3.us-east-2.amazonaws.com/ss1/GROW/double/b_first/Otsego_LittleBear_GROW_039.jpeg"
58746524,"69-61","OTSEGO","Otsego",8,1,889,NA,889,8,"September",1994,NA,"September",NA,NA,"https://changes-ifr.s3.us-east-2.amazonaws.com/ss1/GROW/double/b_first/Otsego_Otsego_GROW_008.jpeg","https://changes-ifr.s3.us-east-2.amazonaws.com/ss1/GROW/double/b_first/Otsego_Otsego_GROW_007.jpeg"
58746520,"69-61","OTSEGO","Otsego",9,1,1082.04,NA,1082.04,12,"August",1991,13,"August",1991,NA,"https://changes-ifr.s3.us-east-2.amazonaws.com/ss1/GROW/double/b_first/Otsego_Otsego_GROW_020.jpeg","https://changes-ifr.s3.us-east-2.amazonaws.com/ss1/GROW/double/b_first/Otsego_Otsego_GROW_019.jpeg"
58746519,"69-61","OTSEGO","Otsego",1,2,271.78,284.48,279.4,17,"October",1983,25,"October",1983,NA,"https://changes-ifr.s3.us-east-2.amazonaws.com/ss1/GROW/double/b_first/Otsego_Otsego_GROW_030.jpeg","https://changes-ifr.s3.us-east-2.amazonaws.com/ss1/GROW/double/b_first/Otsego_Otsego_GROW_029.jpeg"
58746513,"69-61","OTSEGO","Otsego",2,1,482.6,NA,482.6,16,"May",1981,NA,"June",1981,NA,"https://changes-ifr.s3.us-east-2.amazonaws.com/ss1/GROW/double/b_first/Otsego_Otsego_GROW_040.jpeg","https://changes-ifr.s3.us-east-2.amazonaws.com/ss1/GROW/double/b_first/Otsego_Otsego_GROW_039.jpeg"
58746511,"69-61","OTSEGO","Otsego",1,31,508,584.2,538.48,5,"October",1978,NA,NA,NA,NA,"https://changes-ifr.s3.us-east-2.amazonaws.com/ss1/GROW/double/b_first/Otsego_Otsego_GROW_060.jpeg","https://changes-ifr.s3.us-east-2.amazonaws.com/ss1/GROW/double/b_first/Otsego_Otsego_GROW_059.jpeg"
58746436,"71-127","ESAU","PresqueIsle",7,1,1028.7,NA,1028.7,13,"April",1987,8,"May",1987,NA,"https://changes-ifr.s3.us-east-2.amazonaws.com/ss1/GROW/double/b_first/PresqueIsle_Esau_GROW_024.jpeg","https://changes-ifr.s3.us-east-2.amazonaws.com/ss1/GROW/double/b_first/PresqueIsle_Esau_GROW_023.jpeg"
58746416,"71-87","GRAND","PresqueIsle",2,1,492.76,NA,492.76,NA,"April",1981,NA,"April",1981,NA,"https://changes-ifr.s3.us-east-2.amazonaws.com/ss1/GROW/double/b_first/PresqueIsle_Grand_GROW_024.jpeg","https://changes-ifr.s3.us-east-2.amazonaws.com/ss1/GROW/double/b_first/PresqueIsle_Grand_GROW_023.jpeg"
58746326,"75-466","ISLAND BIG","Schoolcraft",1,1,374,NA,374,12,"September",1979,NA,"September",NA,NA,"https://changes-ifr.s3.us-east-2.amazonaws.com/ss1/GROW/double/b_first/Schoolcraft_BigIsland_GROW_096.jpeg","https://changes-ifr.s3.us-east-2.amazonaws.com/ss1/GROW/double/b_first/Schoolcraft_BigIsland_GROW_095.jpeg"
58746289,"75-1079","CUSINO","Schoolcraft",1,5,304.8,330.2,317.5,6,"June",1990,11,"December",1990,NA,"https://changes-ifr.s3.us-east-2.amazonaws.com/ss1/GROW/double/b_first/Schoolcraft_Cusino_GROW_014.jpeg","https://changes-ifr.s3.us-east-2.amazonaws.com/ss1/GROW/double/b_first/Schoolcraft_Cusino_GROW_013.jpeg"
58746258,"75-47","GULLIVER","Schoolcraft",3,5,497.84,541.02,518.16,26,"May",1976,28,"May",1976,NA,"https://changes-ifr.s3.us-east-2.amazonaws.com/ss1/GROW/double/b_first/Schoolcraft_Gulliver_GROW_072.jpeg","https://changes-ifr.s3.us-east-2.amazonaws.com/ss1/GROW/double/b_first/Schoolcraft_Gulliver_GROW_071.jpeg"
58746254,"75-47","GULLIVER","Schoolcraft",1,1,551.18,NA,551.18,6,"October",1970,6,"October",1970,NA,"https://changes-ifr.s3.us-east-2.amazonaws.com/ss1/GROW/double/b_first/Schoolcraft_Gulliver_GROW_112.jpeg","https://changes-ifr.s3.us-east-2.amazonaws.com/ss1/GROW/double/b_first/Schoolcraft_Gulliver_GROW_111.jpeg"
58746253,"75-47","GULLIVER","Schoolcraft",2,1,408.94,NA,408.94,13,"July",1972,23,"March",1972,NA,"https://changes-ifr.s3.us-east-2.amazonaws.com/ss1/GROW/double/b_first/Schoolcraft_Gulliver_GROW_122.jpeg","https://changes-ifr.s3.us-east-2.amazonaws.com/ss1/GROW/double/b_first/Schoolcraft_Gulliver_GROW_121.jpeg"
58746118,"78-89","LONG","StJoseph",1,3,279.4,337.82,304.8,17,"May",1988,31,"May",1988,NA,"https://changes-ifr.s3.us-east-2.amazonaws.com/ss1/GROW/double/b_first/StJoseph_Long_GROW_008.jpeg","https://changes-ifr.s3.us-east-2.amazonaws.com/ss1/GROW/double/b_first/StJoseph_Long_GROW_007.jpeg"
58746102,"79-2","MURPHY","Tuscola",1,1,322.58,NA,322.58,17,"April",1984,18,"April",1984,NA,"https://changes-ifr.s3.us-east-2.amazonaws.com/ss1/GROW/double/b_first/Tuscola_Murphy_GROW_005.jpeg","https://changes-ifr.s3.us-east-2.amazonaws.com/ss1/GROW/double/b_first/Tuscola_Murphy_GROW_004.jpeg"
58746066,"80-318","ROUND","VanBuren",4,14,609.6,731.52,685.8,17,"April",1990,18,"April",1990,NA,"https://changes-ifr.s3.us-east-2.amazonaws.com/ss1/GROW/double/b_first/VanBuren_Round_GROW_005.jpeg","https://changes-ifr.s3.us-east-2.amazonaws.com/ss1/GROW/double/b_first/VanBuren_Round_GROW_004.jpeg"
58746065,"80-318","ROUND","VanBuren",4,14,609.6,731.52,685.8,17,"April",1990,18,"April",1990,NA,"https://changes-ifr.s3.us-east-2.amazonaws.com/ss1/GROW/double/b_first/VanBuren_Round_GROW_007.jpeg","https://changes-ifr.s3.us-east-2.amazonaws.com/ss1/GROW/double/b_first/VanBuren_Round_GROW_006.jpeg"
58746067,"80-318","ROUND","VanBuren",0,27,231.14,320.04,289.306,NA,"October",1977,NA,"November",1977,NA,"https://changes-ifr.s3.us-east-2.amazonaws.com/ss1/GROW/double/b_first/VanBuren_Round_GROW_029.jpeg","https://changes-ifr.s3.us-east-2.amazonaws.com/ss1/GROW/double/b_first/VanBuren_Round_GROW_028.jpeg"
58746039,"80-41","THREE-LEGGED","VanBuren",6,1,850.9,NA,850.9,27,"May",1986,30,"May",1986,NA,"https://changes-ifr.s3.us-east-2.amazonaws.com/ss1/GROW/double/b_first/VanBuren_Three-legged_GROW_007.jpeg","https://changes-ifr.s3.us-east-2.amazonaws.com/ss1/GROW/double/b_first/VanBuren_Three-legged_GROW_006.jpeg"
61362196,"82-157","BELLEVILLE","WAYNE",1,1,325.12,NA,325.12,5,"May",1992,6,"May",1992,NA,"https://changes-ifr.s3.us-east-2.amazonaws.com/ss3/GROW/double/WAYNE_BELLEVILLE_GROW_0001_1.jpeg","https://changes-ifr.s3.us-east-2.amazonaws.com/ss3/GROW/double/WAYNE_BELLEVILLE_GROW_0001_2.jpeg"
61362197,"82-157","BELLEVILLE","WAYNE",1,1,312.42,NA,312.42,23,"April",1990,26,"April",1990,NA,"https://changes-ifr.s3.us-east-2.amazonaws.com/ss3/GROW/double/WAYNE_BELLEVILLE_GROW_0002_1.jpeg","https://changes-ifr.s3.us-east-2.amazonaws.com/ss3/GROW/double/WAYNE_BELLEVILLE_GROW_0002_2.jpeg"
61362203,"82-157","BELLEVILLE","WAYNE",4,1,751.84,NA,751.84,28,"September",1982,29,"September",1982,NA,"https://changes-ifr.s3.us-east-2.amazonaws.com/ss3/GROW/double/WAYNE_BELLEVILLE_GROW_0006_1.jpeg","https://changes-ifr.s3.us-east-2.amazonaws.com/ss3/GROW/double/WAYNE_BELLEVILLE_GROW_0006_2.jpeg"
61362204,"82-157","BELLEVILLE","WAYNE",3,1,855.98,NA,855.98,6,"April",1976,9,"April",1976,NA,"https://changes-ifr.s3.us-east-2.amazonaws.com/ss3/GROW/double/WAYNE_BELLEVILLE_GROW_0009_1.jpeg","https://changes-ifr.s3.us-east-2.amazonaws.com/ss3/GROW/double/WAYNE_BELLEVILLE_GROW_0009_2.jpeg"
61362205,"82-157","BELLEVILLE","WAYNE",3,1,855.98,NA,855.98,6,"April",1976,9,"April",1976,NA,"https://changes-ifr.s3.us-east-2.amazonaws.com/ss3/GROW/double/WAYNE_BELLEVILLE_GROW_0010_1.jpeg","https://changes-ifr.s3.us-east-2.amazonaws.com/ss3/GROW/double/WAYNE_BELLEVILLE_GROW_0010_2.jpeg"
59688138,"54-51","ROUND","Mecosta",3,1,NA,NA,538.48,16,"April",1991,NA,"April",NA,NA,"https://changes-ifr.s3.us-east-2.amazonaws.com/ss2/GROW/single/Mecosta_Round_GROW_034.jpg",NA
59688090,"61-7","MONA","MUSKEGON",6,4,787.4,919.48,NA,30,"April",1996,1,"May",1996,NA,"https://changes-ifr.s3.us-east-2.amazonaws.com/ss2/GROW/single/MUSKEGON_MONA_GROW_0001.jpeg",NA
59688089,"61-7","MONA","MUSKEGON",6,4,787.4,919.48,NA,1,"May",1996,1,"May",1996,NA,"https://changes-ifr.s3.us-east-2.amazonaws.com/ss2/GROW/single/MUSKEGON_MONA_GROW_0007.jpeg",NA
59962361,"2-627","KINGSTON","ALGER",5,1,899.16,NA,899.16,23,"July",1986,27,"July",1986,NA,"https://changes-ifr.s3.us-east-2.amazonaws.com/ss2/GROW/a_first/ALGER_KINGSTON_GROW_0002_1.jpeg","https://changes-ifr.s3.us-east-2.amazonaws.com/ss2/GROW/a_first/ALGER_KINGSTON_GROW_0002_2.jpeg"
59962359,"2-627","KINGSTON","ALGER",3,8,510,710,566,19,"June",1979,28,"June",1979,NA,"https://changes-ifr.s3.us-east-2.amazonaws.com/ss2/GROW/a_first/ALGER_KINGSTON_GROW_0003_1.jpeg","https://changes-ifr.s3.us-east-2.amazonaws.com/ss2/GROW/a_first/ALGER_KINGSTON_GROW_0003_2.jpeg"
59962429,"3-153","DUMONT","ALLEGAN",3,1,751.84,NA,751.84,8,"May",1990,9,"May",1990,NA,"https://changes-ifr.s3.us-east-2.amazonaws.com/ss2/GROW/a_first/ALLEGAN_DUMONT_GROW_0002_1.jpeg","https://changes-ifr.s3.us-east-2.amazonaws.com/ss2/GROW/a_first/ALLEGAN_DUMONT_GROW_0002_2.jpeg"
59962441,"3-71","OSTERHOUT","ALLEGAN",2,7,383.54,492.76,434.34,19,"April",1990,20,"April",1990,NA,"https://changes-ifr.s3.us-east-2.amazonaws.com/ss2/GROW/a_first/ALLEGAN_OSTERHOUT_GROW_0001_1.jpeg","https://changes-ifr.s3.us-east-2.amazonaws.com/ss2/GROW/a_first/ALLEGAN_OSTERHOUT_GROW_0001_2.jpeg"
59962442,"3-71","OSTERHOUT","ALLEGAN",2,1,318,NA,318,5,"April",1979,18,"April",1979,NA,"https://changes-ifr.s3.us-east-2.amazonaws.com/ss2/GROW/a_first/ALLEGAN_OSTERHOUT_GROW_0002_1.jpeg","https://changes-ifr.s3.us-east-2.amazonaws.com/ss2/GROW/a_first/ALLEGAN_OSTERHOUT_GROW_0002_2.jpeg"
59962620,"8-202","CROOKEDLOWER","BARRY",3,2,553.72,632.46,594.36,25,"April",1990,26,"April",1990,NA,"https://changes-ifr.s3.us-east-2.amazonaws.com/ss2/GROW/a_first/BARRY_CROOKEDLOWER_GROW_0001_1.jpeg","https://changes-ifr.s3.us-east-2.amazonaws.com/ss2/GROW/a_first/BARRY_CROOKEDLOWER_GROW_0001_2.jpeg"
59962619,"8-202","CROOKEDLOWER","BARRY",3,2,779.78,789.94,784.86,30,"September",1981,NA,"September",NA,NA,"https://changes-ifr.s3.us-east-2.amazonaws.com/ss2/GROW/a_first/BARRY_CROOKEDLOWER_GROW_0002_1.jpeg","https://changes-ifr.s3.us-east-2.amazonaws.com/ss2/GROW/a_first/BARRY_CROOKEDLOWER_GROW_0002_2.jpeg"
59962726,"10-140","PLATTELITTLE","BENZIE",4,1,756.92,NA,756.92,23,"June",1981,26,"June",1981,NA,"https://changes-ifr.s3.us-east-2.amazonaws.com/ss2/GROW/a_first/BENZIE_PLATTELITTLE_GROW_0001_1.jpeg","https://changes-ifr.s3.us-east-2.amazonaws.com/ss2/GROW/a_first/BENZIE_PLATTELITTLE_GROW_0001_2.jpeg"
59962748,"12-90","COLDWATER","BRANCH",3,1,756.92,NA,756.92,30,"October",1986,30,"October",1986,NA,"https://changes-ifr.s3.us-east-2.amazonaws.com/ss2/GROW/a_first/BRANCH_COLDWATER_GROW_0008_1.jpeg","https://changes-ifr.s3.us-east-2.amazonaws.com/ss2/GROW/a_first/BRANCH_COLDWATER_GROW_0008_2.jpeg"
58754047,"17-47","CARIBOU","Chippewa",5,5,711.2,744.22,721.36,30,"April",1981,22,"May",1981,NA,"https://changes-ifr.s3.us-east-2.amazonaws.com/ss1/GROW/double/a_first/part1/Chippewa_Caribou_GROW_034.jpg","https://changes-ifr.s3.us-east-2.amazonaws.com/ss1/GROW/double/a_first/part1/Chippewa_Caribou_GROW_035.jpg"
58754052,"17-47","CARIBOU","Chippewa",2,2,584.2,599.44,591.82,6,"August",1970,NA,"August",NA,NA,"https://changes-ifr.s3.us-east-2.amazonaws.com/ss1/GROW/double/a_first/part1/Chippewa_Caribou_GROW_044.jpg","https://changes-ifr.s3.us-east-2.amazonaws.com/ss1/GROW/double/a_first/part1/Chippewa_Caribou_GROW_045.jpg"
58754058,"17-47","CARIBOU","Chippewa",3,1,640.08,NA,640.08,19,"May",1986,24,"May",1986,NA,"https://changes-ifr.s3.us-east-2.amazonaws.com/ss1/GROW/double/a_first/part1/Chippewa_Caribou_GROW_207.jpg","https://changes-ifr.s3.us-east-2.amazonaws.com/ss1/GROW/double/a_first/part1/Chippewa_Caribou_GROW_208.jpg"
58754157,"18-206","BUDD","Clare",2,3,627.38,706.12,662.94,5,"April",1973,NA,NA,NA,NA,"https://changes-ifr.s3.us-east-2.amazonaws.com/ss1/GROW/double/a_first/part1/Clare_Budd_GROW_118.jpg","https://changes-ifr.s3.us-east-2.amazonaws.com/ss1/GROW/double/a_first/part1/Clare_Budd_GROW_119.jpg"
58754267,"19-201","OVID","Clinton",3,1,787.4,NA,787.4,15,"September",1992,NA,NA,NA,NA,"https://changes-ifr.s3.us-east-2.amazonaws.com/ss1/GROW/double/a_first/part1/Clinton_Ovid_043.jpg","https://changes-ifr.s3.us-east-2.amazonaws.com/ss1/GROW/double/a_first/part1/Clinton_Ovid_044.jpg"
58754555,"28-74","RENNIE","GrandTraverse",9,1,1071.88,NA,1071.88,15,"June",1993,16,"June",1993,NA,"https://changes-ifr.s3.us-east-2.amazonaws.com/ss1/GROW/double/a_first/part1/GrandTraverse_Rennie_GROW_024.jpg","https://changes-ifr.s3.us-east-2.amazonaws.com/ss1/GROW/double/a_first/part1/GrandTraverse_Rennie_GROW_025.jpg"
58754556,"28-74","RENNIE","GrandTraverse",3,9,685,758,708,1,"May",1979,3,"May",1979,NA,"https://changes-ifr.s3.us-east-2.amazonaws.com/ss1/GROW/double/a_first/part1/GrandTraverse_Rennie_GROW_126.jpg","https://changes-ifr.s3.us-east-2.amazonaws.com/ss1/GROW/double/a_first/part1/GrandTraverse_Rennie_GROW_127.jpg"
58754609,"31-909","GERALD","Houghton",5,2,739.14,792.48,764.54,27,"July",1982,29,"July",1982,NA,"https://changes-ifr.s3.us-east-2.amazonaws.com/ss1/GROW/double/a_first/part1/Houghton_Gerald_GROW_064.jpg","https://changes-ifr.s3.us-east-2.amazonaws.com/ss1/GROW/double/a_first/part1/Houghton_Gerald_GROW_065.jpg"
58754630,"31-915","ROLAND","Houghton",6,2,739.14,741.68,739.14,NA,"July",1982,NA,"July",1982,NA,"https://changes-ifr.s3.us-east-2.amazonaws.com/ss1/GROW/double/a_first/part1/Houghton_Roland_GROW_030.jpg","https://changes-ifr.s3.us-east-2.amazonaws.com/ss1/GROW/double/a_first/part1/Houghton_Roland_GROW_031.jpg"
58754958,"39-263","AUSTIN","Kalamazoo",5,4,756.92,891.54,828.04,4,"May",1993,13,"May",1993,NA,"https://changes-ifr.s3.us-east-2.amazonaws.com/ss1/GROW/double/a_first/part2/Kalamazoo_Austin_GROW_035.jpg","https://changes-ifr.s3.us-east-2.amazonaws.com/ss1/GROW/double/a_first/part2/Kalamazoo_Austin_GROW_036.jpg"
58754960,"39-263","AUSTIN","Kalamazoo",4,1,817.88,NA,817.88,20,"April",1987,1,"April",1987,NA,"https://changes-ifr.s3.us-east-2.amazonaws.com/ss1/GROW/double/a_first/part2/Kalamazoo_Austin_GROW_049.jpg","https://changes-ifr.s3.us-east-2.amazonaws.com/ss1/GROW/double/a_first/part2/Kalamazoo_Austin_GROW_050.jpg"
58755057,"41-45","CAMPAU","Kent",7,1,NA,NA,1104.9,12,"April",1972,20,"April",1972,NA,"https://changes-ifr.s3.us-east-2.amazonaws.com/ss1/GROW/double/a_first/part2/Kent_Campau_GROW_038.jpg","https://changes-ifr.s3.us-east-2.amazonaws.com/ss1/GROW/double/a_first/part2/Kent_Campau_GROW_039.jpg"
58755059,"41-45","CAMPAU","Kent",3,1,NA,NA,698.5,16,"May",1990,16,"May",1990,NA,"https://changes-ifr.s3.us-east-2.amazonaws.com/ss1/GROW/double/a_first/part2/Kent_Campau_GROW_064.jpg","https://changes-ifr.s3.us-east-2.amazonaws.com/ss1/GROW/double/a_first/part2/Kent_Campau_GROW_065.jpg"
58755071,"41-209","DEAN","Kent",4,2,736.6,744.22,741.68,16,"June",1977,17,"June",1977,NA,"https://changes-ifr.s3.us-east-2.amazonaws.com/ss1/GROW/double/a_first/part2/Kent_Dean_GROW_029.jpg","https://changes-ifr.s3.us-east-2.amazonaws.com/ss1/GROW/double/a_first/part2/Kent_Dean_GROW_030.jpg"
58755076,"41-209","DEAN","Kent",4,1,NA,NA,777.24,17,"April",1990,17,"April",1990,NA,"https://changes-ifr.s3.us-east-2.amazonaws.com/ss1/GROW/double/a_first/part2/Kent_Dean_GROW_039.jpg","https://changes-ifr.s3.us-east-2.amazonaws.com/ss1/GROW/double/a_first/part2/Kent_Dean_GROW_040.jpg"
58755107,"41-176","MURRAY","Kent",3,1,687,NA,687,4,"October",1978,NA,NA,NA,NA,"https://changes-ifr.s3.us-east-2.amazonaws.com/ss1/GROW/double/a_first/part2/Kent_Murray_GROW_032.jpg","https://changes-ifr.s3.us-east-2.amazonaws.com/ss1/GROW/double/a_first/part2/Kent_Murray_GROW_033.jpg"
58755197,"43-95","STARBIG","Lake",6,2,716.28,754.38,736.6,15,"May",1995,19,"May",1995,NA,"https://changes-ifr.s3.us-east-2.amazonaws.com/ss1/GROW/double/a_first/part2/Lake_StarBig_GROW_187.jpg","https://changes-ifr.s3.us-east-2.amazonaws.com/ss1/GROW/double/a_first/part2/Lake_StarBig_GROW_188.jpg"
58755201,"43-95","STARBIG","Lake",4,3,640.08,660.4,650.24,6,"May",1985,10,"May",1985,NA,"https://changes-ifr.s3.us-east-2.amazonaws.com/ss1/GROW/double/a_first/part2/Lake_StarBig_GROW_196.jpg","https://changes-ifr.s3.us-east-2.amazonaws.com/ss1/GROW/double/a_first/part2/Lake_StarBig_GROW_197.jpg"
58755226,"44-159","NEPESSING","Lapeer",4,3,436.88,777.24,556.26,13,"April",1993,16,"April",1993,NA,"https://changes-ifr.s3.us-east-2.amazonaws.com/ss1/GROW/double/a_first/part2/Lapeer_NepessingLake_FISHc_088.jpg","https://changes-ifr.s3.us-east-2.amazonaws.com/ss1/GROW/double/a_first/part2/Lapeer_NepessingLake_FISHc_089.jpg"
59963034,"47-343","WOODLAND","Livingston",4,2,589.28,601.98,596.9,3,"June",1994,NA,NA,NA,NA,"https://changes-ifr.s3.us-east-2.amazonaws.com/ss2/GROW/a_first/Livingston_Woodland_GROW_074.jpg","https://changes-ifr.s3.us-east-2.amazonaws.com/ss2/GROW/a_first/Livingston_Woodland_GROW_075.jpg"
59963036,"47-343","WOODLAND","Livingston",4,2,589.28,601.98,596.9,3,"June",1994,NA,"June",NA,NA,"https://changes-ifr.s3.us-east-2.amazonaws.com/ss2/GROW/a_first/Livingston_Woodland_GROW_083.jpg","https://changes-ifr.s3.us-east-2.amazonaws.com/ss2/GROW/a_first/Livingston_Woodland_GROW_084.jpg"
59963115,"48-24","KAKS","Luce",3,2,601.98,657.86,629.92,18,"May",1971,NA,"May",NA,NA,"https://changes-ifr.s3.us-east-2.amazonaws.com/ss2/GROW/a_first/Luce_Kak's_FISHs_033.jpg","https://changes-ifr.s3.us-east-2.amazonaws.com/ss2/GROW/a_first/Luce_Kak's_FISHs_034.jpg"
59963353,"52-1075","ANGELINE","Marquette",3,2,668.02,749.3,708.66,16,"July",1982,16,"July",1982,NA,"https://changes-ifr.s3.us-east-2.amazonaws.com/ss2/GROW/a_first/Marquette_Angeline_GROW_019.jpg","https://changes-ifr.s3.us-east-2.amazonaws.com/ss2/GROW/a_first/Marquette_Angeline_GROW_020.jpg"
59963355,"52-196","BASS","Marquette",5,2,855.98,876.3,866.14,15,"July",1987,NA,"July",NA,NA,"https://changes-ifr.s3.us-east-2.amazonaws.com/ss2/GROW/a_first/Marquette_Bass45N_24W_S30_GROW_022.jpg","https://changes-ifr.s3.us-east-2.amazonaws.com/ss2/GROW/a_first/Marquette_Bass45N_24W_S30_GROW_023.jpg"
59963390,"52-291","SHAGBIG","Marquette",4,4,774.7,876.3,825.5,19,"June",1985,19,"June",1985,NA,"https://changes-ifr.s3.us-east-2.amazonaws.com/ss2/GROW/a_first/Marquette_ShagBig_GROW_016.jpg","https://changes-ifr.s3.us-east-2.amazonaws.com/ss2/GROW/a_first/Marquette_ShagBig_GROW_017.jpg"
59963396,"52-291","SHAGBIG","Marquette",7,1,1102.36,NA,1102.36,3,"May",1993,14,"May",1993,NA,"https://changes-ifr.s3.us-east-2.amazonaws.com/ss2/GROW/a_first/Marquette_ShagBig_GROW_054.jpg","https://changes-ifr.s3.us-east-2.amazonaws.com/ss2/GROW/a_first/Marquette_ShagBig_GROW_055.jpg"
59963420,"53-155","HAMLIN","Mason",2,2,444.5,474.98,459.74,26,"April",1983,28,"April",1983,NA,"https://changes-ifr.s3.us-east-2.amazonaws.com/ss2/GROW/a_first/Mason_Hamlin_GROW_182.jpg","https://changes-ifr.s3.us-east-2.amazonaws.com/ss2/GROW/a_first/Mason_Hamlin_GROW_183.jpg"
59963425,"53-155","HAMLIN","Mason",2,2,444.5,474.98,459.74,26,"April",1983,5,"May",1983,NA,"https://changes-ifr.s3.us-east-2.amazonaws.com/ss2/GROW/a_first/Mason_Hamlin_GROW_186.jpg","https://changes-ifr.s3.us-east-2.amazonaws.com/ss2/GROW/a_first/Mason_Hamlin_GROW_187.jpg"
59963428,"53-155","HAMLIN","Mason",6,1,736.6,NA,736.6,18,"May",1992,29,"May",1992,NA,"https://changes-ifr.s3.us-east-2.amazonaws.com/ss2/GROW/a_first/Mason_Hamlin_GROW_204.jpg","https://changes-ifr.s3.us-east-2.amazonaws.com/ss2/GROW/a_first/Mason_Hamlin_GROW_205.jpg"
59963559,"54-51","ROUND","Mecosta",1,3,474.98,523.24,490.22,17,"October",1983,20,"October",1983,NA,"https://changes-ifr.s3.us-east-2.amazonaws.com/ss2/GROW/a_first/Mecosta_Round_GROW_042.jpg","https://changes-ifr.s3.us-east-2.amazonaws.com/ss2/GROW/a_first/Mecosta_Round_GROW_043.jpg"
59964146,"63-1692","HERON","OAKLAND",6,1,800.1,NA,800.1,12,"August",1988,NA,"August",NA,NA,"https://changes-ifr.s3.us-east-2.amazonaws.com/ss2/GROW/a_first/OAKLAND_HERON_GROW_0001_1.jpeg","https://changes-ifr.s3.us-east-2.amazonaws.com/ss2/GROW/a_first/OAKLAND_HERON_GROW_0001_2.jpeg"
59964302,"63-1047","TIPSICO","OAKLAND",6,1,919.48,NA,919.48,15,"September",1988,NA,"September",NA,NA,"https://changes-ifr.s3.us-east-2.amazonaws.com/ss2/GROW/a_first/OAKLAND_TIPSICO_GROW_0002_1.jpeg","https://changes-ifr.s3.us-east-2.amazonaws.com/ss2/GROW/a_first/OAKLAND_TIPSICO_GROW_0002_2.jpeg"
59964649,"68-142","TEA","OSCODA",2,3,454.66,568.96,520.7,4,"June",1986,13,"June",1986,NA,"https://changes-ifr.s3.us-east-2.amazonaws.com/ss2/GROW/a_first/OSCODA_TEA_GROW_0010_1.jpg","https://changes-ifr.s3.us-east-2.amazonaws.com/ss2/GROW/a_first/OSCODA_TEA_GROW_0010_2.jpg"
59964650,"68-142","TEA","OSCODA",2,1,558.8,NA,558.8,19,"July",1982,23,"July",1982,NA,"https://changes-ifr.s3.us-east-2.amazonaws.com/ss2/GROW/a_first/OSCODA_TEA_GROW_0011_1.jpg","https://changes-ifr.s3.us-east-2.amazonaws.com/ss2/GROW/a_first/OSCODA_TEA_GROW_0011_2.jpg"
59964651,"68-142","TEA","OSCODA",2,1,558.8,NA,558.8,19,"July",1982,23,"July",1982,NA,"https://changes-ifr.s3.us-east-2.amazonaws.com/ss2/GROW/a_first/OSCODA_TEA_GROW_0012_1.jpg","https://changes-ifr.s3.us-east-2.amazonaws.com/ss2/GROW/a_first/OSCODA_TEA_GROW_0012_2.jpg"
58746615,"69-1","BEAR","Otsego",3,2,868.68,868.68,868.68,17,"July",1973,NA,NA,NA,NA,"https://changes-ifr.s3.us-east-2.amazonaws.com/ss1/GROW/double/b_first/Otsego_Bear_GROW_078.jpeg","https://changes-ifr.s3.us-east-2.amazonaws.com/ss1/GROW/double/b_first/Otsego_Bear_GROW_077.jpeg"
58746580,"69-185","DIXON","Otsego",5,2,876.3,901.7,889,3,"June",1993,10,"June",1993,NA,"https://changes-ifr.s3.us-east-2.amazonaws.com/ss1/GROW/double/b_first/Otsego_Dixon_GROW_006.jpeg","https://changes-ifr.s3.us-east-2.amazonaws.com/ss1/GROW/double/b_first/Otsego_Dixon_GROW_005.jpeg"
58746519,"69-61","OTSEGO","Otsego",2,1,287.02,NA,287.02,17,"October",1983,25,"October",1983,NA,"https://changes-ifr.s3.us-east-2.amazonaws.com/ss1/GROW/double/b_first/Otsego_Otsego_GROW_030.jpeg","https://changes-ifr.s3.us-east-2.amazonaws.com/ss1/GROW/double/b_first/Otsego_Otsego_GROW_029.jpeg"
58746513,"69-61","OTSEGO","Otsego",3,12,477.52,632.46,546.1,16,"May",1981,NA,"June",1981,NA,"https://changes-ifr.s3.us-east-2.amazonaws.com/ss1/GROW/double/b_first/Otsego_Otsego_GROW_040.jpeg","https://changes-ifr.s3.us-east-2.amazonaws.com/ss1/GROW/double/b_first/Otsego_Otsego_GROW_039.jpeg"
58746511,"69-61","OTSEGO","Otsego",2,1,789.94,NA,789.94,5,"October",1978,NA,NA,NA,NA,"https://changes-ifr.s3.us-east-2.amazonaws.com/ss1/GROW/double/b_first/Otsego_Otsego_GROW_060.jpeg","https://changes-ifr.s3.us-east-2.amazonaws.com/ss1/GROW/double/b_first/Otsego_Otsego_GROW_059.jpeg"
58746416,"71-87","GRAND","PresqueIsle",3,1,617.22,NA,617.22,NA,"April",1981,NA,"April",1981,NA,"https://changes-ifr.s3.us-east-2.amazonaws.com/ss1/GROW/double/b_first/PresqueIsle_Grand_GROW_024.jpeg","https://changes-ifr.s3.us-east-2.amazonaws.com/ss1/GROW/double/b_first/PresqueIsle_Grand_GROW_023.jpeg"
58746258,"75-47","GULLIVER","Schoolcraft",4,2,571.5,619.76,594.36,26,"May",1976,28,"May",1976,NA,"https://changes-ifr.s3.us-east-2.amazonaws.com/ss1/GROW/double/b_first/Schoolcraft_Gulliver_GROW_072.jpeg","https://changes-ifr.s3.us-east-2.amazonaws.com/ss1/GROW/double/b_first/Schoolcraft_Gulliver_GROW_071.jpeg"
58746118,"78-89","LONG","StJoseph",2,1,520.7,NA,520.7,17,"May",1988,31,"May",1988,NA,"https://changes-ifr.s3.us-east-2.amazonaws.com/ss1/GROW/double/b_first/StJoseph_Long_GROW_008.jpeg","https://changes-ifr.s3.us-east-2.amazonaws.com/ss1/GROW/double/b_first/StJoseph_Long_GROW_007.jpeg"
58746066,"80-318","ROUND","VanBuren",5,7,711.2,812.8,896.62,17,"April",1990,18,"April",1990,NA,"https://changes-ifr.s3.us-east-2.amazonaws.com/ss1/GROW/double/b_first/VanBuren_Round_GROW_005.jpeg","https://changes-ifr.s3.us-east-2.amazonaws.com/ss1/GROW/double/b_first/VanBuren_Round_GROW_004.jpeg"
58746065,"80-318","ROUND","VanBuren",5,7,711.2,812.8,896.62,17,"April",1990,18,"April",1990,NA,"https://changes-ifr.s3.us-east-2.amazonaws.com/ss1/GROW/double/b_first/VanBuren_Round_GROW_007.jpeg","https://changes-ifr.s3.us-east-2.amazonaws.com/ss1/GROW/double/b_first/VanBuren_Round_GROW_006.jpeg"
58746067,"80-318","ROUND","VanBuren",1,22,441.96,647.7,557.276,NA,"October",1977,NA,"November",1977,NA,"https://changes-ifr.s3.us-east-2.amazonaws.com/ss1/GROW/double/b_first/VanBuren_Round_GROW_029.jpeg","https://changes-ifr.s3.us-east-2.amazonaws.com/ss1/GROW/double/b_first/VanBuren_Round_GROW_028.jpeg"
59688138,"54-51","ROUND","Mecosta",4,3,693.42,769.62,721.36,16,"April",1991,NA,"April",NA,NA,"https://changes-ifr.s3.us-east-2.amazonaws.com/ss2/GROW/single/Mecosta_Round_GROW_034.jpg",NA
59688090,"61-7","MONA","MUSKEGON",7,2,871.22,924.56,NA,30,"April",1996,1,"May",1996,NA,"https://changes-ifr.s3.us-east-2.amazonaws.com/ss2/GROW/single/MUSKEGON_MONA_GROW_0001.jpeg",NA
59688089,"61-7","MONA","MUSKEGON",7,2,871.22,924.56,NA,1,"May",1996,1,"May",1996,NA,"https://changes-ifr.s3.us-east-2.amazonaws.com/ss2/GROW/single/MUSKEGON_MONA_GROW_0007.jpeg",NA
59962361,"2-627","KINGSTON","ALGER",7,1,1021.08,NA,1021.08,23,"July",1986,27,"July",1986,NA,"https://changes-ifr.s3.us-east-2.amazonaws.com/ss2/GROW/a_first/ALGER_KINGSTON_GROW_0002_1.jpeg","https://changes-ifr.s3.us-east-2.amazonaws.com/ss2/GROW/a_first/ALGER_KINGSTON_GROW_0002_2.jpeg"
59962441,"3-71","OSTERHOUT","ALLEGAN",3,1,706.12,NA,706.12,19,"April",1990,20,"April",1990,NA,"https://changes-ifr.s3.us-east-2.amazonaws.com/ss2/GROW/a_first/ALLEGAN_OSTERHOUT_GROW_0001_1.jpeg","https://changes-ifr.s3.us-east-2.amazonaws.com/ss2/GROW/a_first/ALLEGAN_OSTERHOUT_GROW_0001_2.jpeg"
59962442,"3-71","OSTERHOUT","ALLEGAN",3,26,495,726,616.4,5,"April",1979,18,"April",1979,NA,"https://changes-ifr.s3.us-east-2.amazonaws.com/ss2/GROW/a_first/ALLEGAN_OSTERHOUT_GROW_0002_1.jpeg","https://changes-ifr.s3.us-east-2.amazonaws.com/ss2/GROW/a_first/ALLEGAN_OSTERHOUT_GROW_0002_2.jpeg"
59962620,"8-202","CROOKEDLOWER","BARRY",6,1,952.5,NA,952.5,25,"April",1990,26,"April",1990,NA,"https://changes-ifr.s3.us-east-2.amazonaws.com/ss2/GROW/a_first/BARRY_CROOKEDLOWER_GROW_0001_1.jpeg","https://changes-ifr.s3.us-east-2.amazonaws.com/ss2/GROW/a_first/BARRY_CROOKEDLOWER_GROW_0001_2.jpeg"
59962619,"8-202","CROOKEDLOWER","BARRY",4,2,835.66,848.36,843.28,30,"September",1981,NA,"September",NA,NA,"https://changes-ifr.s3.us-east-2.amazonaws.com/ss2/GROW/a_first/BARRY_CROOKEDLOWER_GROW_0002_1.jpeg","https://changes-ifr.s3.us-east-2.amazonaws.com/ss2/GROW/a_first/BARRY_CROOKEDLOWER_GROW_0002_2.jpeg"
58754047,"17-47","CARIBOU","Chippewa",8,1,1056.64,NA,1056.64,30,"April",1981,22,"May",1981,NA,"https://changes-ifr.s3.us-east-2.amazonaws.com/ss1/GROW/double/a_first/part1/Chippewa_Caribou_GROW_034.jpg","https://changes-ifr.s3.us-east-2.amazonaws.com/ss1/GROW/double/a_first/part1/Chippewa_Caribou_GROW_035.jpg"
58754052,"17-47","CARIBOU","Chippewa",3,5,688.34,777.24,734.06,6,"August",1970,NA,"August",NA,NA,"https://changes-ifr.s3.us-east-2.amazonaws.com/ss1/GROW/double/a_first/part1/Chippewa_Caribou_GROW_044.jpg","https://changes-ifr.s3.us-east-2.amazonaws.com/ss1/GROW/double/a_first/part1/Chippewa_Caribou_GROW_045.jpg"
58754058,"17-47","CARIBOU","Chippewa",6,1,927.1,NA,927.1,19,"May",1986,24,"May",1986,NA,"https://changes-ifr.s3.us-east-2.amazonaws.com/ss1/GROW/double/a_first/part1/Chippewa_Caribou_GROW_207.jpg","https://changes-ifr.s3.us-east-2.amazonaws.com/ss1/GROW/double/a_first/part1/Chippewa_Caribou_GROW_208.jpg"
58754157,"18-206","BUDD","Clare",3,2,812.8,1135.38,972.82,5,"April",1973,NA,NA,NA,NA,"https://changes-ifr.s3.us-east-2.amazonaws.com/ss1/GROW/double/a_first/part1/Clare_Budd_GROW_118.jpg","https://changes-ifr.s3.us-east-2.amazonaws.com/ss1/GROW/double/a_first/part1/Clare_Budd_GROW_119.jpg"
58754556,"28-74","RENNIE","GrandTraverse",4,4,748,845,796,1,"May",1979,3,"May",1979,NA,"https://changes-ifr.s3.us-east-2.amazonaws.com/ss1/GROW/double/a_first/part1/GrandTraverse_Rennie_GROW_126.jpg","https://changes-ifr.s3.us-east-2.amazonaws.com/ss1/GROW/double/a_first/part1/GrandTraverse_Rennie_GROW_127.jpg"
58754958,"39-263","AUSTIN","Kalamazoo",6,3,965.2,990.6,977.9,4,"May",1993,13,"May",1993,NA,"https://changes-ifr.s3.us-east-2.amazonaws.com/ss1/GROW/double/a_first/part2/Kalamazoo_Austin_GROW_035.jpg","https://changes-ifr.s3.us-east-2.amazonaws.com/ss1/GROW/double/a_first/part2/Kalamazoo_Austin_GROW_036.jpg"
58754960,"39-263","AUSTIN","Kalamazoo",6,1,830.58,NA,830.58,20,"April",1987,1,"April",1987,NA,"https://changes-ifr.s3.us-east-2.amazonaws.com/ss1/GROW/double/a_first/part2/Kalamazoo_Austin_GROW_049.jpg","https://changes-ifr.s3.us-east-2.amazonaws.com/ss1/GROW/double/a_first/part2/Kalamazoo_Austin_GROW_050.jpg"
58755059,"41-45","CAMPAU","Kent",4,1,NA,NA,883.92,16,"May",1990,16,"May",1990,NA,"https://changes-ifr.s3.us-east-2.amazonaws.com/ss1/GROW/double/a_first/part2/Kent_Campau_GROW_064.jpg","https://changes-ifr.s3.us-east-2.amazonaws.com/ss1/GROW/double/a_first/part2/Kent_Campau_GROW_065.jpg"
58755197,"43-95","STARBIG","Lake",7,1,777.24,NA,777.24,15,"May",1995,19,"May",1995,NA,"https://changes-ifr.s3.us-east-2.amazonaws.com/ss1/GROW/double/a_first/part2/Lake_StarBig_GROW_187.jpg","https://changes-ifr.s3.us-east-2.amazonaws.com/ss1/GROW/double/a_first/part2/Lake_StarBig_GROW_188.jpg"
58755201,"43-95","STARBIG","Lake",5,2,744.22,795.02,769.62,6,"May",1985,10,"May",1985,NA,"https://changes-ifr.s3.us-east-2.amazonaws.com/ss1/GROW/double/a_first/part2/Lake_StarBig_GROW_196.jpg","https://changes-ifr.s3.us-east-2.amazonaws.com/ss1/GROW/double/a_first/part2/Lake_StarBig_GROW_197.jpg"
58755226,"44-159","NEPESSING","Lapeer",6,1,1016,NA,1016,13,"April",1993,16,"April",1993,NA,"https://changes-ifr.s3.us-east-2.amazonaws.com/ss1/GROW/double/a_first/part2/Lapeer_NepessingLake_FISHc_088.jpg","https://changes-ifr.s3.us-east-2.amazonaws.com/ss1/GROW/double/a_first/part2/Lapeer_NepessingLake_FISHc_089.jpg"
59963034,"47-343","WOODLAND","Livingston",5,3,713.74,850.9,802.64,3,"June",1994,NA,NA,NA,NA,"https://changes-ifr.s3.us-east-2.amazonaws.com/ss2/GROW/a_first/Livingston_Woodland_GROW_074.jpg","https://changes-ifr.s3.us-east-2.amazonaws.com/ss2/GROW/a_first/Livingston_Woodland_GROW_075.jpg"
59963036,"47-343","WOODLAND","Livingston",5,3,713.74,850.9,802.64,3,"June",1994,NA,"June",NA,NA,"https://changes-ifr.s3.us-east-2.amazonaws.com/ss2/GROW/a_first/Livingston_Woodland_GROW_083.jpg","https://changes-ifr.s3.us-east-2.amazonaws.com/ss2/GROW/a_first/Livingston_Woodland_GROW_084.jpg"
59963353,"52-1075","ANGELINE","Marquette",4,13,718.82,853.44,784.86,16,"July",1982,16,"July",1982,NA,"https://changes-ifr.s3.us-east-2.amazonaws.com/ss2/GROW/a_first/Marquette_Angeline_GROW_019.jpg","https://changes-ifr.s3.us-east-2.amazonaws.com/ss2/GROW/a_first/Marquette_Angeline_GROW_020.jpg"
59963390,"52-291","SHAGBIG","Marquette",6,1,927.1,NA,927.1,19,"June",1985,19,"June",1985,NA,"https://changes-ifr.s3.us-east-2.amazonaws.com/ss2/GROW/a_first/Marquette_ShagBig_GROW_016.jpg","https://changes-ifr.s3.us-east-2.amazonaws.com/ss2/GROW/a_first/Marquette_ShagBig_GROW_017.jpg"
59963420,"53-155","HAMLIN","Mason",3,8,497.84,581.66,535.94,26,"April",1983,28,"April",1983,NA,"https://changes-ifr.s3.us-east-2.amazonaws.com/ss2/GROW/a_first/Mason_Hamlin_GROW_182.jpg","https://changes-ifr.s3.us-east-2.amazonaws.com/ss2/GROW/a_first/Mason_Hamlin_GROW_183.jpg"
59963425,"53-155","HAMLIN","Mason",3,8,497.84,581.66,535.94,26,"April",1983,5,"May",1983,NA,"https://changes-ifr.s3.us-east-2.amazonaws.com/ss2/GROW/a_first/Mason_Hamlin_GROW_186.jpg","https://changes-ifr.s3.us-east-2.amazonaws.com/ss2/GROW/a_first/Mason_Hamlin_GROW_187.jpg"
59963559,"54-51","ROUND","Mecosta",2,11,566.42,723.9,622.3,17,"October",1983,20,"October",1983,NA,"https://changes-ifr.s3.us-east-2.amazonaws.com/ss2/GROW/a_first/Mecosta_Round_GROW_042.jpg","https://changes-ifr.s3.us-east-2.amazonaws.com/ss2/GROW/a_first/Mecosta_Round_GROW_043.jpg"
59964649,"68-142","TEA","OSCODA",3,5,698.5,838.2,751.84,4,"June",1986,13,"June",1986,NA,"https://changes-ifr.s3.us-east-2.amazonaws.com/ss2/GROW/a_first/OSCODA_TEA_GROW_0010_1.jpg","https://changes-ifr.s3.us-east-2.amazonaws.com/ss2/GROW/a_first/OSCODA_TEA_GROW_0010_2.jpg"
58746519,"69-61","OTSEGO","Otsego",3,1,604.52,NA,604.52,17,"October",1983,25,"October",1983,NA,"https://changes-ifr.s3.us-east-2.amazonaws.com/ss1/GROW/double/b_first/Otsego_Otsego_GROW_030.jpeg","https://changes-ifr.s3.us-east-2.amazonaws.com/ss1/GROW/double/b_first/Otsego_Otsego_GROW_029.jpeg"
58746513,"69-61","OTSEGO","Otsego",4,8,690.88,845.82,762,16,"May",1981,NA,"June",1981,NA,"https://changes-ifr.s3.us-east-2.amazonaws.com/ss1/GROW/double/b_first/Otsego_Otsego_GROW_040.jpeg","https://changes-ifr.s3.us-east-2.amazonaws.com/ss1/GROW/double/b_first/Otsego_Otsego_GROW_039.jpeg"
58746067,"80-318","ROUND","VanBuren",2,50,581.66,810.26,726.186,NA,"October",1977,NA,"November",1977,NA,"https://changes-ifr.s3.us-east-2.amazonaws.com/ss1/GROW/double/b_first/VanBuren_Round_GROW_029.jpeg","https://changes-ifr.s3.us-east-2.amazonaws.com/ss1/GROW/double/b_first/VanBuren_Round_GROW_028.jpeg"
59688138,"54-51","ROUND","Mecosta",5,1,NA,NA,855.98,16,"April",1991,NA,"April",NA,NA,"https://changes-ifr.s3.us-east-2.amazonaws.com/ss2/GROW/single/Mecosta_Round_GROW_034.jpg",NA
59688090,"61-7","MONA","MUSKEGON",8,2,845.82,1008.38,NA,30,"April",1996,1,"May",1996,NA,"https://changes-ifr.s3.us-east-2.amazonaws.com/ss2/GROW/single/MUSKEGON_MONA_GROW_0001.jpeg",NA
59688089,"61-7","MONA","MUSKEGON",8,2,845.82,1008.38,NA,1,"May",1996,1,"May",1996,NA,"https://changes-ifr.s3.us-east-2.amazonaws.com/ss2/GROW/single/MUSKEGON_MONA_GROW_0007.jpeg",NA
59962441,"3-71","OSTERHOUT","ALLEGAN",5,1,944.88,NA,944.88,19,"April",1990,20,"April",1990,NA,"https://changes-ifr.s3.us-east-2.amazonaws.com/ss2/GROW/a_first/ALLEGAN_OSTERHOUT_GROW_0001_1.jpeg","https://changes-ifr.s3.us-east-2.amazonaws.com/ss2/GROW/a_first/ALLEGAN_OSTERHOUT_GROW_0001_2.jpeg"
59962442,"3-71","OSTERHOUT","ALLEGAN",5,10,804,972,886.2,5,"April",1979,18,"April",1979,NA,"https://changes-ifr.s3.us-east-2.amazonaws.com/ss2/GROW/a_first/ALLEGAN_OSTERHOUT_GROW_0002_1.jpeg","https://changes-ifr.s3.us-east-2.amazonaws.com/ss2/GROW/a_first/ALLEGAN_OSTERHOUT_GROW_0002_2.jpeg"
58754157,"18-206","BUDD","Clare",5,2,909.32,1112.52,1010.92,5,"April",1973,NA,NA,NA,NA,"https://changes-ifr.s3.us-east-2.amazonaws.com/ss1/GROW/double/a_first/part1/Clare_Budd_GROW_118.jpg","https://changes-ifr.s3.us-east-2.amazonaws.com/ss1/GROW/double/a_first/part1/Clare_Budd_GROW_119.jpg"
58754556,"28-74","RENNIE","GrandTraverse",6,1,995,NA,995,1,"May",1979,3,"May",1979,NA,"https://changes-ifr.s3.us-east-2.amazonaws.com/ss1/GROW/double/a_first/part1/GrandTraverse_Rennie_GROW_126.jpg","https://changes-ifr.s3.us-east-2.amazonaws.com/ss1/GROW/double/a_first/part1/GrandTraverse_Rennie_GROW_127.jpg"
59963420,"53-155","HAMLIN","Mason",4,3,612.14,637.54,624.84,26,"April",1983,28,"April",1983,NA,"https://changes-ifr.s3.us-east-2.amazonaws.com/ss2/GROW/a_first/Mason_Hamlin_GROW_182.jpg","https://changes-ifr.s3.us-east-2.amazonaws.com/ss2/GROW/a_first/Mason_Hamlin_GROW_183.jpg"
59963425,"53-155","HAMLIN","Mason",4,3,612.14,637.54,624.84,26,"April",1983,5,"May",1983,NA,"https://changes-ifr.s3.us-east-2.amazonaws.com/ss2/GROW/a_first/Mason_Hamlin_GROW_186.jpg","https://changes-ifr.s3.us-east-2.amazonaws.com/ss2/GROW/a_first/Mason_Hamlin_GROW_187.jpg"
59963559,"54-51","ROUND","Mecosta",3,6,619.76,774.7,662.94,17,"October",1983,20,"October",1983,NA,"https://changes-ifr.s3.us-east-2.amazonaws.com/ss2/GROW/a_first/Mecosta_Round_GROW_042.jpg","https://changes-ifr.s3.us-east-2.amazonaws.com/ss2/GROW/a_first/Mecosta_Round_GROW_043.jpg"
59964649,"68-142","TEA","OSCODA",4,3,792.48,965.2,850.9,4,"June",1986,13,"June",1986,NA,"https://changes-ifr.s3.us-east-2.amazonaws.com/ss2/GROW/a_first/OSCODA_TEA_GROW_0010_1.jpg","https://changes-ifr.s3.us-east-2.amazonaws.com/ss2/GROW/a_first/OSCODA_TEA_GROW_0010_2.jpg"
58746519,"69-61","OTSEGO","Otsego",4,1,642.62,NA,642.62,17,"October",1983,25,"October",1983,NA,"https://changes-ifr.s3.us-east-2.amazonaws.com/ss1/GROW/double/b_first/Otsego_Otsego_GROW_030.jpeg","https://changes-ifr.s3.us-east-2.amazonaws.com/ss1/GROW/double/b_first/Otsego_Otsego_GROW_029.jpeg"
58746513,"69-61","OTSEGO","Otsego",5,12,749.3,904.24,802.64,16,"May",1981,NA,"June",1981,NA,"https://changes-ifr.s3.us-east-2.amazonaws.com/ss1/GROW/double/b_first/Otsego_Otsego_GROW_040.jpeg","https://changes-ifr.s3.us-east-2.amazonaws.com/ss1/GROW/double/b_first/Otsego_Otsego_GROW_039.jpeg"
58746067,"80-318","ROUND","VanBuren",3,8,774.7,937.26,844.296,NA,"October",1977,NA,"November",1977,NA,"https://changes-ifr.s3.us-east-2.amazonaws.com/ss1/GROW/double/b_first/VanBuren_Round_GROW_029.jpeg","https://changes-ifr.s3.us-east-2.amazonaws.com/ss1/GROW/double/b_first/VanBuren_Round_GROW_028.jpeg"
58754157,"18-206","BUDD","Clare",6,3,812.8,871.22,840.74,5,"April",1973,NA,NA,NA,NA,"https://changes-ifr.s3.us-east-2.amazonaws.com/ss1/GROW/double/a_first/part1/Clare_Budd_GROW_118.jpg","https://changes-ifr.s3.us-east-2.amazonaws.com/ss1/GROW/double/a_first/part1/Clare_Budd_GROW_119.jpg"
59963420,"53-155","HAMLIN","Mason",5,5,673.1,754.38,721.36,26,"April",1983,28,"April",1983,NA,"https://changes-ifr.s3.us-east-2.amazonaws.com/ss2/GROW/a_first/Mason_Hamlin_GROW_182.jpg","https://changes-ifr.s3.us-east-2.amazonaws.com/ss2/GROW/a_first/Mason_Hamlin_GROW_183.jpg"
59963425,"53-155","HAMLIN","Mason",5,5,673.1,754.38,721.36,26,"April",1983,5,"May",1983,NA,"https://changes-ifr.s3.us-east-2.amazonaws.com/ss2/GROW/a_first/Mason_Hamlin_GROW_186.jpg","https://changes-ifr.s3.us-east-2.amazonaws.com/ss2/GROW/a_first/Mason_Hamlin_GROW_187.jpg"
58746519,"69-61","OTSEGO","Otsego",5,1,698.5,NA,698.5,17,"October",1983,25,"October",1983,NA,"https://changes-ifr.s3.us-east-2.amazonaws.com/ss1/GROW/double/b_first/Otsego_Otsego_GROW_030.jpeg","https://changes-ifr.s3.us-east-2.amazonaws.com/ss1/GROW/double/b_first/Otsego_Otsego_GROW_029.jpeg"
58746067,"80-318","ROUND","VanBuren",4,2,901.7,975.36,938.53,NA,"October",1977,NA,"November",1977,NA,"https://changes-ifr.s3.us-east-2.amazonaws.com/ss1/GROW/double/b_first/VanBuren_Round_GROW_029.jpeg","https://changes-ifr.s3.us-east-2.amazonaws.com/ss1/GROW/double/b_first/VanBuren_Round_GROW_028.jpeg"
58754157,"18-206","BUDD","Clare",7,1,916.94,NA,916.94,5,"April",1973,NA,NA,NA,NA,"https://changes-ifr.s3.us-east-2.amazonaws.com/ss1/GROW/double/a_first/part1/Clare_Budd_GROW_118.jpg","https://changes-ifr.s3.us-east-2.amazonaws.com/ss1/GROW/double/a_first/part1/Clare_Budd_GROW_119.jpg"
58746519,"69-61","OTSEGO","Otsego",7,NA,871.22,NA,871.22,17,"October",1983,25,"October",1983,NA,"https://changes-ifr.s3.us-east-2.amazonaws.com/ss1/GROW/double/b_first/Otsego_Otsego_GROW_030.jpeg","https://changes-ifr.s3.us-east-2.amazonaws.com/ss1/GROW/double/b_first/Otsego_Otsego_GROW_029.jpeg"
58746067,"80-318","ROUND","VanBuren",5,1,751.84,NA,751.84,NA,"October",1977,NA,"November",1977,NA,"https://changes-ifr.s3.us-east-2.amazonaws.com/ss1/GROW/double/b_first/VanBuren_Round_GROW_029.jpeg","https://changes-ifr.s3.us-east-2.amazonaws.com/ss1/GROW/double/b_first/VanBuren_Round_GROW_028.jpeg"
82937331,NA,NA,NA,3,1,482.6,NA,482.6,11,"September",1980,13,"September",1980,NA,"https://changes-ifr.s3.us-east-2.amazonaws.com/ss6/GROW/cards/double/Lapeer_NepessingLake_GROW_030.jpg","https://changes-ifr.s3.us-east-2.amazonaws.com/ss6/GROW/cards/double/Lapeer_NepessingLake_GROW_031.jpg"
82942103,NA,NA,NA,5,1,754.38,NA,754.38,23,"May",1983,27,"May",1983,NA,"https://changes-ifr.s3.us-east-2.amazonaws.com/ss3/GROW/double/Otsego_LittleBear_GROW_8.jpeg","https://changes-ifr.s3.us-east-2.amazonaws.com/ss3/GROW/double/Otsego_LittleBear_GROW_6.jpeg"
