subject_id,data.aligned_text,data.number_views,data.consensus_score,data.consensus_text,min,max,units,notes,URL_front,URL_back,column_name
63264307,"[['158-162', '158-162', '158-162', '158'], ['', '', '', '-'], ['', '', '', '162']]",4,1.666666667,158-162 - 162,158,162,,,https://changes-ifr.s3.us-east-2.amazonaws.com/ss1/SUMM/double/a_first/Alcona_Hubbard_SUMM_Doc0816.jpg,https://changes-ifr.s3.us-east-2.amazonaws.com/ss1/SUMM/double/a_first/Alcona_Hubbard_SUMM_Doc0817.jpg,Methyl Orange Alk Range
63264318,"[['157-178', '157-178', '157-178', '157'], ['', '', '', '-'], ['', '', '', '178']]",4,1.666666667,157-178 - 178,157,178,,,https://changes-ifr.s3.us-east-2.amazonaws.com/ss1/SUMM/double/a_first/Allegan_Dumont_SUMM_20200219142223236_0001.jpg,https://changes-ifr.s3.us-east-2.amazonaws.com/ss1/SUMM/double/a_first/Allegan_Dumont_SUMM_20200219142223236_0002.jpg,Methyl Orange Alk Range
63264325,"[['149-150', '149', '149-150', '149-150'], ['', '-', '', ''], ['', '150', '', ''], ['ppm.', 'ppm', 'ppm.', 'ppm']]",4,1.75,149-150 - 150 ppm.,149,150,ppm,,https://changes-ifr.s3.us-east-2.amazonaws.com/ss1/SUMM/double/a_first/Alpena_Beaver_SUMM_20200219145953082_0001.jpg,https://changes-ifr.s3.us-east-2.amazonaws.com/ss1/SUMM/double/a_first/Alpena_Beaver_SUMM_20200219145953082_0002.jpg,Methyl Orange Alk Range
63264326,"[['141-143', '141', '141-143', '141-143'], ['', '-', '', ''], ['', '143', '', '']]",4,1.666666667,141-143 - 143,141,143,,,https://changes-ifr.s3.us-east-2.amazonaws.com/ss1/SUMM/double/a_first/Barry_McDonald_SUMM_20191125111429749_0001.jpg,https://changes-ifr.s3.us-east-2.amazonaws.com/ss1/SUMM/double/a_first/Barry_McDonald_SUMM_20191125111429749_0002.jpg,Methyl Orange Alk Range
63264328,"[['152-190', '152', '152-190', '152-190'], ['', '-', '', ''], ['', '190', '', '']]",4,1.666666667,152-190 - 190,152,190,,,https://changes-ifr.s3.us-east-2.amazonaws.com/ss1/SUMM/double/a_first/Barry_Deep_SUMM_001_01.jpg,https://changes-ifr.s3.us-east-2.amazonaws.com/ss1/SUMM/double/a_first/Barry_Deep_SUMM_001_02.jpg,Methyl Orange Alk Range
63264335,"[['73-76', '73-76', '73', '73-76'], ['', '', '-', ''], ['', '', '76', '']]",4,1.666666667,73-76 - 76,73,76,,,https://changes-ifr.s3.us-east-2.amazonaws.com/ss1/SUMM/double/a_first/Charlevoix_Font_002_SUMM_0001.jpg,https://changes-ifr.s3.us-east-2.amazonaws.com/ss1/SUMM/double/a_first/Charlevoix_Font_002_SUMM_0002.jpg,Methyl Orange Alk Range
63264354,"[['138-162', '138-162ppm', '138-162', '138'], ['', '', '', '-'], ['', '', '', '162'], ['ppm', '', 'ppm', 'ppm']]",4,1.75,138-162 - 162 ppm,138,162,,,https://changes-ifr.s3.us-east-2.amazonaws.com/ss1/SUMM/double/a_first/Cheboygan_Mullett_219.jpg,https://changes-ifr.s3.us-east-2.amazonaws.com/ss1/SUMM/double/a_first/Cheboygan_Mullett_220.jpg,Methyl Orange Alk Range
63264356,"[['110', '110-129', '110-129', '110-129'], ['-', '', '', ''], ['129', '', '', '']]",4,1.666666667,110-129 - 129,110,129,,,https://changes-ifr.s3.us-east-2.amazonaws.com/ss1/SUMM/double/a_first/Cheboygan_Silver_33N_3W_S11-12_027.jpg,https://changes-ifr.s3.us-east-2.amazonaws.com/ss1/SUMM/double/a_first/Cheboygan_Silver_33N_3W_S11-12_028.jpg,Methyl Orange Alk Range
63264359,"[['110', '110-129', '110-129', '110-129'], ['-', '', '', ''], ['129', '', '', '']]",4,1.666666667,110-129 - 129,110,129,,,https://changes-ifr.s3.us-east-2.amazonaws.com/ss1/SUMM/double/a_first/Cheboygan_Silver_33N_3W_S11-12_031.jpg,https://changes-ifr.s3.us-east-2.amazonaws.com/ss1/SUMM/double/a_first/Cheboygan_Silver_33N_3W_S11-12_032.jpg,Methyl Orange Alk Range
63264360,"[['110-129', '110', '110-129', '110-129'], ['', '-', '', ''], ['', '129', '', '']]",4,1.666666667,110-129 - 129,110,129,,,https://changes-ifr.s3.us-east-2.amazonaws.com/ss1/SUMM/double/a_first/Cheboygan_Silver33N_3W_S11-12_SUMM_027.jpg,https://changes-ifr.s3.us-east-2.amazonaws.com/ss1/SUMM/double/a_first/Cheboygan_Silver33N_3W_S11-12_SUMM_028.jpg,Methyl Orange Alk Range
63264361,"[['110', '110', '110-129', '110-129'], ['-', '-', '', ''], ['129', '120', '', '']]",4,1.666666667,110 - 129,110,129,,,https://changes-ifr.s3.us-east-2.amazonaws.com/ss1/SUMM/double/a_first/Cheboygan_Silver_33N_3W_S11-12_029.jpg,https://changes-ifr.s3.us-east-2.amazonaws.com/ss1/SUMM/double/a_first/Cheboygan_Silver_33N_3W_S11-12_030.jpg,Methyl Orange Alk Range
63264363,"[['110-129', '110-129', '110-129', '110'], ['', '', '', '-'], ['', '', '', '129']]",4,1.666666667,110-129 - 129,110,129,,,https://changes-ifr.s3.us-east-2.amazonaws.com/ss1/SUMM/double/a_first/Cheboygan_Silver33N_3W_S11-12_SUMM_031.jpg,https://changes-ifr.s3.us-east-2.amazonaws.com/ss1/SUMM/double/a_first/Cheboygan_Silver33N_3W_S11-12_SUMM_032.jpg,Methyl Orange Alk Range
63264381,"[['0', '', '', ''], ['-', '', '', ''], ['1.0', '0-1.0', '0-1.0', '0-1.0']]",4,1.666666667,0 - 0-1.0,0,1,,,https://changes-ifr.s3.us-east-2.amazonaws.com/ss1/SUMM/double/a_first/Chippewa_McNearney_006.jpg,https://changes-ifr.s3.us-east-2.amazonaws.com/ss1/SUMM/double/a_first/Chippewa_McNearney_007.jpg,Methyl Orange Alk Range
63264390,"[['', '', '', '85'], ['', '', '', '-'], ['85-115', '85-115', '85-115', '115']]",4,1.666666667,85 - 85-115,85,115,,,https://changes-ifr.s3.us-east-2.amazonaws.com/ss1/SUMM/double/a_first/Clare_Budd_SUMM_030.jpg,https://changes-ifr.s3.us-east-2.amazonaws.com/ss1/SUMM/double/a_first/Clare_Budd_SUMM_031.jpg,Methyl Orange Alk Range
63264392,"[['33-52', '33-52', '33-52ppm', '33'], ['', '', '', '-'], ['', '', '', '52'], ['ppm', 'ppm.', '', 'ppm.']]",4,1.5,33-52 - 52 ppm.,33,52,ppm,,https://changes-ifr.s3.us-east-2.amazonaws.com/ss1/SUMM/double/a_first/Clare_Bluegill_SUMM_023.jpg,https://changes-ifr.s3.us-east-2.amazonaws.com/ss1/SUMM/double/a_first/Clare_Bluegill_SUMM_024.jpg,Methyl Orange Alk Range
63264399,[['-']],1,1,-,NA,,,,https://changes-ifr.s3.us-east-2.amazonaws.com/ss1/SUMM/double/a_first/Clare_EightPoint_SUMM_014.jpg,https://changes-ifr.s3.us-east-2.amazonaws.com/ss1/SUMM/double/a_first/Clare_EightPoint_SUMM_015.jpg,Methyl Orange Alk Range
63264403,"[['35-38', '35', '35-38', '35-38'], ['', '-', '', ''], ['', '38', '', '']]",4,1.666666667,35-38 - 38,35,38,,,https://changes-ifr.s3.us-east-2.amazonaws.com/ss1/SUMM/double/a_first/Clare_GreenPine_SUMM_014.jpg,https://changes-ifr.s3.us-east-2.amazonaws.com/ss1/SUMM/double/a_first/Clare_GreenPine_SUMM_015.jpg,Methyl Orange Alk Range
63264420,"[['130-170', '130-170', '130', '130-170'], ['', '', '-', ''], ['', '', '18=70', '']]",4,1.666666667,130-170 - 18=70,130,170,,,https://changes-ifr.s3.us-east-2.amazonaws.com/ss1/SUMM/double/a_first/Crawford_Glory_SUMM_015.jpg,https://changes-ifr.s3.us-east-2.amazonaws.com/ss1/SUMM/double/a_first/Crawford_Glory_SUMM_016.jpg,Methyl Orange Alk Range
63264426,"[['119-171', '119', '119-171', '119-171'], ['', '-', '', ''], ['', '171', '', ''], ['ppm.', 'ppm', '', 'ppm']]",4,1.75,119-171 - 171 ppm,119,171,ppm,,https://changes-ifr.s3.us-east-2.amazonaws.com/ss1/SUMM/double/a_first/Gladwin_Cedar_SUMM_006.jpg,https://changes-ifr.s3.us-east-2.amazonaws.com/ss1/SUMM/double/a_first/Gladwin_Cedar_SUMM_007.jpg,Methyl Orange Alk Range
63264428,"[['180-220', '180-220', '180-220', '180'], ['', '', '', '-'], ['', '', '', '220'], ['ppm.', 'ppm', 'ppm.', 'ppm']]",4,1.75,180-220 - 220 ppm.,180,220,ppm,,https://changes-ifr.s3.us-east-2.amazonaws.com/ss1/SUMM/double/a_first/Gladwin_Blue_SUMM_005.jpg,https://changes-ifr.s3.us-east-2.amazonaws.com/ss1/SUMM/double/a_first/Gladwin_Blue_SUMM_006.jpg,Methyl Orange Alk Range
63264437,"[['165-170', '165-170', '165', '165-170'], ['', '', '-', ''], ['', '', '170', '']]",4,1.666666667,165-170 - 170,165,170,,,https://changes-ifr.s3.us-east-2.amazonaws.com/ss1/SUMM/double/a_first/Gladwin_Streaked_SUMM_009.jpg,https://changes-ifr.s3.us-east-2.amazonaws.com/ss1/SUMM/double/a_first/Gladwin_Streaked_SUMM_010.jpg,Methyl Orange Alk Range
63264447,"[['14', '14', '14-18', '14-18'], ['-', '-', '', ''], ['18', '', '', ''], ['ppm', '18ppm', 'ppm.', 'ppm']]",4,1.75,14 - 18 ppm,14,18,ppm,,https://changes-ifr.s3.us-east-2.amazonaws.com/ss1/SUMM/double/a_first/Gogebic_Birch_SUMM_006.jpg,https://changes-ifr.s3.us-east-2.amazonaws.com/ss1/SUMM/double/a_first/Gogebic_Birch_SUMM_007.jpg,Methyl Orange Alk Range
63264484,"[['0', '', '', ''], ['-', '', '', ''], ['6.8', '0-6.8', '0-6.8', '0-6.8']]",4,1.666666667,0 - 0-6.8,0,6.8,,,https://changes-ifr.s3.us-east-2.amazonaws.com/ss1/SUMM/double/a_first/Gogebic_Grass_SUMM_008.jpg,https://changes-ifr.s3.us-east-2.amazonaws.com/ss1/SUMM/double/a_first/Gogebic_Grass_SUMM_009.jpg,Methyl Orange Alk Range
63264505,"[['12', '17']]",2,1,12,0,17,,,https://changes-ifr.s3.us-east-2.amazonaws.com/ss1/SUMM/double/a_first/Gogebic_Mastadon_SUMM_005.jpg,https://changes-ifr.s3.us-east-2.amazonaws.com/ss1/SUMM/double/a_first/Gogebic_Mastadon_SUMM_006.jpg,Methyl Orange Alk Range
63264553,"[['66-82', '66', '66-82', '66-82ppm'], ['', '-', '', ''], ['', '82', '', ''], ['ppm', 'ppm', 'ppm', '']]",4,1.75,66-82 - 82 ppm,66,82,ppm,,https://changes-ifr.s3.us-east-2.amazonaws.com/ss1/SUMM/double/a_first/GrandTraverse_Bass26N_12W_S31_SUMM_027.jpg,https://changes-ifr.s3.us-east-2.amazonaws.com/ss1/SUMM/double/a_first/GrandTraverse_Bass26N_12W_S31_SUMM_028.jpg,Methyl Orange Alk Range
63264558,"[['147', '147-162', '147-162', '147-162ppm'], ['-', '', '', ''], ['162', '', '', ''], ['ppm', 'ppm', 'ppm', '']]",4,1.75,147-162 - 162 ppm,147,162,ppm,,https://changes-ifr.s3.us-east-2.amazonaws.com/ss1/SUMM/double/a_first/GrandTraverse_Boardman_SUMM_013.jpg,https://changes-ifr.s3.us-east-2.amazonaws.com/ss1/SUMM/double/a_first/GrandTraverse_Boardman_SUMM_014.jpg,Methyl Orange Alk Range
63264562,"[['110-176', '110-176', '110-176', '110'], ['', '', '', '-'], ['', '', '', '176']]",4,1.666666667,110-176 - 176,110,176,,,https://changes-ifr.s3.us-east-2.amazonaws.com/ss1/SUMM/double/a_first/GrandTraverse_Bridges_SUMM_010.jpg,https://changes-ifr.s3.us-east-2.amazonaws.com/ss1/SUMM/double/a_first/GrandTraverse_Bridges_SUMM_011.jpg,Methyl Orange Alk Range
63264623,"[['21-22.', '21-22.', '21', '21.22'], ['', '', '-', ''], ['', '', '22', '']]",4,1.333333333,21-22. - 22,21,22,,,https://changes-ifr.s3.us-east-2.amazonaws.com/ss1/SUMM/double/a_first/Houghton_LakeOnThree_SUMM_003.jpg,https://changes-ifr.s3.us-east-2.amazonaws.com/ss1/SUMM/double/a_first/Houghton_LakeOnThree_SUMM_004.jpg,Methyl Orange Alk Range
63264624,"[['6.0-8.0', '6.0-8.0', '6.0-8.0', '6.0'], ['', '', '', '-'], ['', '', '', '8.0']]",4,1.666666667,6.0-8.0 - 8.0,6,8,,,https://changes-ifr.s3.us-east-2.amazonaws.com/ss1/SUMM/double/a_first/Houghton_Mud55N_32W_S25-26-35-36_SUMM_007.jpg,https://changes-ifr.s3.us-east-2.amazonaws.com/ss1/SUMM/double/a_first/Houghton_Mud55N_32W_S25-26-35-36_SUMM_008.jpg,Methyl Orange Alk Range
63264628,"[['56-57ppm', '56-57', '56', '56-57'], ['', '', '-', ''], ['', '', '57', ''], ['', 'ppm', 'ppm', 'ppm']]",4,1.75,56-57 - 57 ppm,56,57,ppm,,https://changes-ifr.s3.us-east-2.amazonaws.com/ss1/SUMM/double/a_first/Houghton_Otter_SUMM_013.jpg,https://changes-ifr.s3.us-east-2.amazonaws.com/ss1/SUMM/double/a_first/Houghton_Otter_SUMM_014.jpg,Methyl Orange Alk Range
63264639,[['-']],1,1,-,NA,,,,https://changes-ifr.s3.us-east-2.amazonaws.com/ss1/SUMM/double/a_first/Houghton_Webber_SUMM_005.jpg,https://changes-ifr.s3.us-east-2.amazonaws.com/ss1/SUMM/double/a_first/Houghton_Webber_SUMM_006.jpg,Methyl Orange Alk Range
63264661,"[['32-33', '32-33ppm', '32-33', '32'], ['', '', '', '-'], ['', '', '', '33'], ['ppm.', '', 'ppm', 'ppm']]",4,1.5,32-33 - 33 ppm,32,33,ppm,,https://changes-ifr.s3.us-east-2.amazonaws.com/ss1/SUMM/double/a_first/Iron_Bass_SUMM_001.jpg,https://changes-ifr.s3.us-east-2.amazonaws.com/ss1/SUMM/double/a_first/Iron_Bass_SUMM_002.jpg,Methyl Orange Alk Range
63264665,"[['36-57', '36', '36-57', '36-57'], ['', '-', '', ''], ['', '57', '', '']]",4,1.666666667,36-57 - 57,36,57,,,https://changes-ifr.s3.us-east-2.amazonaws.com/ss1/SUMM/double/a_first/Iron_Brule_SUMM_008.jpg,https://changes-ifr.s3.us-east-2.amazonaws.com/ss1/SUMM/double/a_first/Iron_Brule_SUMM_009.jpg,Methyl Orange Alk Range
63264666,"[['98-94', '98-95', '98-94', '98'], ['', '', '', '-'], ['', '', '', '94']]",4,1.333333333,98-94 - 94,94,98,,,https://changes-ifr.s3.us-east-2.amazonaws.com/ss1/SUMM/double/a_first/Iron_Camp_SUMM_011.jpg,https://changes-ifr.s3.us-east-2.amazonaws.com/ss1/SUMM/double/a_first/Iron_Camp_SUMM_012.jpg,Methyl Orange Alk Range
63264684,"[['1.5', '1.5-3.0', '1.5-3.0', '1.5-3.0ppm'], ['-', '', '', ''], ['3.0', '', '', ''], ['ppm', 'ppm', 'ppm', '']]",4,1.75,1.5-3.0 - 3.0 ppm,1.5,3,ppm,,https://changes-ifr.s3.us-east-2.amazonaws.com/ss1/SUMM/double/a_first/Iron_Gibson_SUMM_009.jpg,https://changes-ifr.s3.us-east-2.amazonaws.com/ss1/SUMM/double/a_first/Iron_Gibson_SUMM_010.jpg,Methyl Orange Alk Range
63264699,"[['18', '18-29', '18-29', '18-29'], ['-', '', '', ''], ['29', '', '', ''], ['ppm', 'ppm.', 'ppm.', 'ppm']]",4,1.75,18-29 - 29 ppm,18,29,ppm,,https://changes-ifr.s3.us-east-2.amazonaws.com/ss1/SUMM/double/a_first/Iron_Sunset_SUMM_010.jpg,https://changes-ifr.s3.us-east-2.amazonaws.com/ss1/SUMM/double/a_first/Iron_Sunset_SUMM_011.jpg,Methyl Orange Alk Range
63264716,"[['153', '153-198', '153-198', '153-198'], ['-', '', '', ''], ['198', '', '', '']]",4,1.666666667,153-198 - 198,153,198,,,https://changes-ifr.s3.us-east-2.amazonaws.com/ss1/SUMM/double/a_first/Jackson_Portage_SUMM_069.jpg,https://changes-ifr.s3.us-east-2.amazonaws.com/ss1/SUMM/double/a_first/Jackson_Portage_SUMM_070.jpg,Methyl Orange Alk Range
63264719,"[['168-195', '168', '168-195', '168-195'], ['', '-', '', ''], ['', '195', '', '']]",4,1.666666667,168-195 - 195,168,195,,,https://changes-ifr.s3.us-east-2.amazonaws.com/ss1/SUMM/double/a_first/Jackson_Prison_SUMM_006.jpg,https://changes-ifr.s3.us-east-2.amazonaws.com/ss1/SUMM/double/a_first/Jackson_Prison_SUMM_007.jpg,Methyl Orange Alk Range
63264724,"[['136', '136-194', '136-194', '136-194'], ['-', '', '', ''], ['194', '', '', ''], ['ppm', 'ppm', 'ppm.', 'ppm.']]",4,1.75,136-194 - 194 ppm,136,194,ppm,,https://changes-ifr.s3.us-east-2.amazonaws.com/ss1/SUMM/double/a_first/Jackson_Vineyard_SUMM_025.jpg,https://changes-ifr.s3.us-east-2.amazonaws.com/ss1/SUMM/double/a_first/Jackson_Vineyard_SUMM_026.jpg,Methyl Orange Alk Range
63264726,"[['112-125', '112', '112-125', '112-125'], ['', '-', '', ''], ['', '125', '', '']]",4,1.666666667,112-125 - 125,112,125,,,https://changes-ifr.s3.us-east-2.amazonaws.com/ss1/SUMM/double/a_first/Jackson_WaterlooMillPond_SUMM_005.jpg,https://changes-ifr.s3.us-east-2.amazonaws.com/ss1/SUMM/double/a_first/Jackson_WaterlooMillPond_SUMM_006.jpg,Methyl Orange Alk Range
63264728,"[['172', '172-183', '172-183', '172-183'], ['-', '', '', ''], ['183', '', '', '']]",4,1.666666667,172-183 - 183,172,183,,,https://changes-ifr.s3.us-east-2.amazonaws.com/ss1/SUMM/double/a_first/Kalamazoo_Eagle_SUMM_018.jpg,https://changes-ifr.s3.us-east-2.amazonaws.com/ss1/SUMM/double/a_first/Kalamazoo_Eagle_SUMM_019.jpg,Methyl Orange Alk Range
63264733,"[['175-189', '175-189ppm', '174-189', '175'], ['', '', '', '-'], ['', '', '', '189'], ['ppm.', '', 'ppm.', 'ppm']]",4,1.25,175-189 - 189 ppm.,175,189,ppm,,https://changes-ifr.s3.us-east-2.amazonaws.com/ss1/SUMM/double/a_first/Kalamazoo_Eagle2S_9W_S2_SUMM_026.jpg,https://changes-ifr.s3.us-east-2.amazonaws.com/ss1/SUMM/double/a_first/Kalamazoo_Eagle2S_9W_S2_SUMM_027.jpg,Methyl Orange Alk Range
63264738,"[['241', '241-250', '241-250'], ['-', '', ''], ['250', '', '']]",3,1.333333333,241-250 - 250,241,250,,,https://changes-ifr.s3.us-east-2.amazonaws.com/ss1/SUMM/double/a_first/Kalamazoo_JacksonPond_SUMM_004.jpg,https://changes-ifr.s3.us-east-2.amazonaws.com/ss1/SUMM/double/a_first/Kalamazoo_JacksonPond_SUMM_005.jpg,Methyl Orange Alk Range
63264742,"[['215-221', '215', '1.4', '215-221'], ['', '-', '', ''], ['', '221', '', ''], ['ppm.', 'ppm.', 'ppm', 'ppm']]",4,1.5,215-221 - 221 ppm.,215,221,ppm,,https://changes-ifr.s3.us-east-2.amazonaws.com/ss1/SUMM/double/a_first/Kalamazoo_Lost_SUMM_006.jpg,https://changes-ifr.s3.us-east-2.amazonaws.com/ss1/SUMM/double/a_first/Kalamazoo_Lost_SUMM_007.jpg,Methyl Orange Alk Range
63264749,"[['135-143', '135-143', '135', '135-143'], ['', '', '-', ''], ['', '', '143', '']]",4,1.666666667,135-143 - 143,135,143,,,https://changes-ifr.s3.us-east-2.amazonaws.com/ss1/SUMM/double/a_first/Kalkaska_BlueBig_SUMM_035.jpg,https://changes-ifr.s3.us-east-2.amazonaws.com/ss1/SUMM/double/a_first/Kalkaska_BlueBig_SUMM_036.jpg,Methyl Orange Alk Range
63264758,[['---']],1,1,---,NA,,,,https://changes-ifr.s3.us-east-2.amazonaws.com/ss1/SUMM/double/a_first/Kalkaska_Rainbow_SUMM_018.jpg,https://changes-ifr.s3.us-east-2.amazonaws.com/ss1/SUMM/double/a_first/Kalkaska_Rainbow_SUMM_019.jpg,Methyl Orange Alk Range
63264760,"[['140-165', '140-165', '140-165', '140'], ['', '', '', '-'], ['', '', '', '165']]",4,1.666666667,140-165 - 165,140,165,,,https://changes-ifr.s3.us-east-2.amazonaws.com/ss1/SUMM/double/a_first/Kalkaska_SelkirkSouth_SUMM_009.jpg,https://changes-ifr.s3.us-east-2.amazonaws.com/ss1/SUMM/double/a_first/Kalkaska_SelkirkSouth_SUMM_010.jpg,Methyl Orange Alk Range
63264761,"[['60-62', '60-62', '60', '60-62'], ['', '', '-', ''], ['', '', '62', ''], ['p.p.m.', 'ppm', 'ppm', 'p.p.m.']]",4,1.75,60-62 - 62 p.p.m.,60,62,ppm,,https://changes-ifr.s3.us-east-2.amazonaws.com/ss1/SUMM/double/a_first/Kalkaska_Starvation_SUMM_020.jpg,https://changes-ifr.s3.us-east-2.amazonaws.com/ss1/SUMM/double/a_first/Kalkaska_Starvation_SUMM_021.jpg,Methyl Orange Alk Range
63264764,"[['87-92', '87', '87-92', '87-92'], ['', '-', '', ''], ['', '92', '', '']]",4,1.666666667,87-92 - 92,87,92,,,https://changes-ifr.s3.us-east-2.amazonaws.com/ss1/SUMM/double/a_first/Kalkaska_TwinLittle28N_5-6W_S-many_SUMM_015.jpg,https://changes-ifr.s3.us-east-2.amazonaws.com/ss1/SUMM/double/a_first/Kalkaska_TwinLittle28N_5-6W_S-many_SUMM_016.jpg,Methyl Orange Alk Range
63264766,"[['151-156', '151', '151-156', '151-156'], ['', '-', '', ''], ['', '156', '', '']]",4,1.666666667,151-156 - 156,151,156,,,https://changes-ifr.s3.us-east-2.amazonaws.com/ss1/SUMM/double/a_first/Kent_Blue_SUMM_20191125120100144_0001.jpg,https://changes-ifr.s3.us-east-2.amazonaws.com/ss1/SUMM/double/a_first/Kent_Blue_SUMM_20191125120100144_0002.jpg,Methyl Orange Alk Range
63264767,"[['151-156', '151', '151-156', '151-156'], ['', '-', '', ''], ['', '156', '', '']]",4,1.666666667,151-156 - 156,151,156,,,https://changes-ifr.s3.us-east-2.amazonaws.com/ss1/SUMM/double/a_first/Kent_Blue10N_9W_S10-15_SUMM_011.jpg,https://changes-ifr.s3.us-east-2.amazonaws.com/ss1/SUMM/double/a_first/Kent_Blue10N_9W_S10-15_SUMM_012.jpg,Methyl Orange Alk Range
63264775,"[['103', '130', '', ''], ['(top)', '', '103(top)', '103(top)'], ['-', '', '-', '-'], ['175', '(top)-174(bott.)', '175(bott.', '175(bott.)'], ['(bottom)', '', '', '']]",4,1.6,103 103(top) - 175 (bottom),103,175,,,https://changes-ifr.s3.us-east-2.amazonaws.com/ss1/SUMM/double/a_first/Kent_Campau_SUMM_018.jpg,https://changes-ifr.s3.us-east-2.amazonaws.com/ss1/SUMM/double/a_first/Kent_Campau_SUMM_019.jpg,Methyl Orange Alk Range
63264782,"[['181-155', '181-155', '181', '181-155'], ['', '', '-', ''], ['', '', '155', '']]",4,1.666666667,181-155 - 155,155,181,,,https://changes-ifr.s3.us-east-2.amazonaws.com/ss1/SUMM/double/a_first/Kent_Lime_SUMM_026.jpg,https://changes-ifr.s3.us-east-2.amazonaws.com/ss1/SUMM/double/a_first/Kent_Lime_SUMM_027.jpg,Methyl Orange Alk Range
63264796,[['-']],1,1,-,NA,,,,https://changes-ifr.s3.us-east-2.amazonaws.com/ss1/SUMM/double/a_first/Kent_Scotch_SUMM_002.jpg,https://changes-ifr.s3.us-east-2.amazonaws.com/ss1/SUMM/double/a_first/Kent_Scotch_SUMM_003.jpg,Methyl Orange Alk Range
63264801,[['----']],1,1,----,NA,,,,https://changes-ifr.s3.us-east-2.amazonaws.com/ss1/SUMM/double/a_first/Kent_Silver_SUMM_017.jpg,https://changes-ifr.s3.us-east-2.amazonaws.com/ss1/SUMM/double/a_first/Kent_Silver_SUMM_018.jpg,Methyl Orange Alk Range
63264806,"[['47-51', '47', '47-51', '47-51'], ['', '-', '', ''], ['', '51', '', ''], ['ppm.', 'ppm', 'ppm.', 'ppm']]",4,1.75,47-51 - 51 ppm.,47,51,ppm,,https://changes-ifr.s3.us-east-2.amazonaws.com/ss1/SUMM/double/a_first/Keweenaw_FannyHooe_SUMM_024.jpg,https://changes-ifr.s3.us-east-2.amazonaws.com/ss1/SUMM/double/a_first/Keweenaw_FannyHooe_SUMM_025.jpg,Methyl Orange Alk Range
63264839,[['-']],1,1,-,NA,,,,https://changes-ifr.s3.us-east-2.amazonaws.com/ss1/SUMM/double/a_first/Lake_McCarthy_SUMM_010.jpg,https://changes-ifr.s3.us-east-2.amazonaws.com/ss1/SUMM/double/a_first/Lake_McCarthy_SUMM_011.jpg,Methyl Orange Alk Range
63264843,[['none']],1,1,none,NA,,,,https://changes-ifr.s3.us-east-2.amazonaws.com/ss1/SUMM/double/a_first/Lake_Oxbow_SUMM_003.jpg,https://changes-ifr.s3.us-east-2.amazonaws.com/ss1/SUMM/double/a_first/Lake_Oxbow_SUMM_004.jpg,Methyl Orange Alk Range
63264869,"[['104', '104-145', '104-145', '104-145'], ['-', '', '', ''], ['145', '', '', '']]",4,1.666666667,104-145 - 145,104,145,,,https://changes-ifr.s3.us-east-2.amazonaws.com/ss1/SUMM/double/a_first/Lapeer_Davie_SUMM_005.jpg,https://changes-ifr.s3.us-east-2.amazonaws.com/ss1/SUMM/double/a_first/Lapeer_Davie_SUMM_006.jpg,Methyl Orange Alk Range
63264870,"[['140-245', '140-245', '140', '140-245'], ['', '', '-', ''], ['', '', '245', '']]",4,1.666666667,140-245 - 245,140,245,,,https://changes-ifr.s3.us-east-2.amazonaws.com/ss1/SUMM/double/a_first/Lapeer_Duperow_SUMM_017.jpg,https://changes-ifr.s3.us-east-2.amazonaws.com/ss1/SUMM/double/a_first/Lapeer_Duperow_SUMM_018.jpg,Methyl Orange Alk Range
63264872,"[['9', '9-10', '9', '9-10'], ['-', 'grains/gal', 'grains/gal.', 'grains/gal'], ['10', '', '10', ''], ['grains/', '', '', ''], ['gal', '', '', '']]",4,1.6,9 grains/gal 10 grains/ gal,9,10,gpg,,https://changes-ifr.s3.us-east-2.amazonaws.com/ss1/SUMM/double/a_first/Lapeer_Hemingway9N_9E_S9_SUMM_004.jpg,https://changes-ifr.s3.us-east-2.amazonaws.com/ss1/SUMM/double/a_first/Lapeer_Hemingway9N_9E_S9_SUMM_005.jpg,Methyl Orange Alk Range
63264875,"[['195-215', '195-215', '195', '195-215'], ['', '', '-', ''], ['', '', '215', '']]",4,1.666666667,195-215 - 215,195,215,,,https://changes-ifr.s3.us-east-2.amazonaws.com/ss1/SUMM/double/a_first/Lapeer_McDonald_SUMM_009.jpg,https://changes-ifr.s3.us-east-2.amazonaws.com/ss1/SUMM/double/a_first/Lapeer_McDonald_SUMM_010.jpg,Methyl Orange Alk Range
63264879,"[['154-128', '154', '154-128', '154-128'], ['', '-', '', ''], ['', '128', '', '']]",4,1.666666667,154-128 - 128,128,154,,,https://changes-ifr.s3.us-east-2.amazonaws.com/ss1/SUMM/double/a_first/Lapeer_Nepessing_SUMM_001_A.jpg,https://changes-ifr.s3.us-east-2.amazonaws.com/ss1/SUMM/double/a_first/Lapeer_Nepessing_SUMM_001_B.jpg,Methyl Orange Alk Range
63264881,"[['100-133', '108-133', '100-133', '100'], ['', '', '', '-'], ['', '', '', '133']]",4,1.333333333,100-133 - 133,100,133,,,https://changes-ifr.s3.us-east-2.amazonaws.com/ss1/SUMM/double/a_first/Lapeer_North_SUMM_016.jpg,https://changes-ifr.s3.us-east-2.amazonaws.com/ss1/SUMM/double/a_first/Lapeer_North_SUMM_017.jpg,Methyl Orange Alk Range
63264882,"[['130-280', '130', '130-280', '130-280'], ['', '-', '', ''], ['', '280', '', '']]",4,1.666666667,130-280 - 280,130,280,,,https://changes-ifr.s3.us-east-2.amazonaws.com/ss1/SUMM/double/a_first/Lapeer_Mud9N_9E_S6_SUMM_004.jpg,https://changes-ifr.s3.us-east-2.amazonaws.com/ss1/SUMM/double/a_first/Lapeer_Mud9N_9E_S6_SUMM_005.jpg,Methyl Orange Alk Range
63264885,"[['188-250', '188-260', '188', '188-260'], ['', '', '-', ''], ['', '', '260', '']]",4,1.333333333,188-260 - 260,188,260,,,https://changes-ifr.s3.us-east-2.amazonaws.com/ss1/SUMM/double/a_first/Lapeer_TwinSouth_SUMM_008.jpg,https://changes-ifr.s3.us-east-2.amazonaws.com/ss1/SUMM/double/a_first/Lapeer_TwinSouth_SUMM_009.jpg,Methyl Orange Alk Range
63264895,"[['188-191', '188-191', '181-191', '188'], ['', '', '', '-'], ['', '', '', '191'], ['ppm.', 'ppm.', 'ppm.', 'ppm']]",4,1.75,188-191 - 191 ppm.,188,191,ppm ,,https://changes-ifr.s3.us-east-2.amazonaws.com/ss1/SUMM/double/a_first/Livingston_Gallagher_47-102_1939_SUMM_001_01.jpg,https://changes-ifr.s3.us-east-2.amazonaws.com/ss1/SUMM/double/a_first/Livingston_Gallagher_47-102_1939_SUMM_001_02.jpg,Methyl Orange Alk Range
63264897,"[['184-198', '184-198', '184-198', '184'], ['', '', '', '-'], ['', '', '', '198'], ['ppm.', 'ppm', 'ppm.', 'ppm']]",4,1.75,184-198 - 198 ppm.,184,198,ppm,,https://changes-ifr.s3.us-east-2.amazonaws.com/ss1/SUMM/double/a_first/Livingston_Zukey_47-97_1939_SUMM_001_01.jpg,https://changes-ifr.s3.us-east-2.amazonaws.com/ss1/SUMM/double/a_first/Livingston_Zukey_47-97_1939_SUMM_001_02.jpg,Methyl Orange Alk Range
63264910,"[['', '3', '', ''], ['', '-', '', ''], ['3-11', '11', '3-11', '3-11']]",4,1.666666667,3/3/11,3,11,,,https://changes-ifr.s3.us-east-2.amazonaws.com/ss1/SUMM/double/a_first/Luce_Syphon_SUMM_001_A.jpg,https://changes-ifr.s3.us-east-2.amazonaws.com/ss1/SUMM/double/a_first/Luce_Syphon_SUMM_001_B.jpg,Methyl Orange Alk Range
63264916,"[['78-87', '78', '78-87', '78-87'], ['', 'to', '', ''], ['', '87', '', '']]",4,1.666666667,78-87 to 87,78,87,,,https://changes-ifr.s3.us-east-2.amazonaws.com/ss1/SUMM/double/a_first/Mackinac_Brevroot_SUMM_001_A.jpg,https://changes-ifr.s3.us-east-2.amazonaws.com/ss1/SUMM/double/a_first/Mackinac_Brevroot_SUMM_001_B.jpg,Methyl Orange Alk Range
63264921,"[['112', '112-130', '112-130'], ['-', '', ''], ['130', '', '']]",3,1.333333333,112-130 - 130,112,130,,,https://changes-ifr.s3.us-east-2.amazonaws.com/ss1/SUMM/double/a_first/Marquette_Bass2_SUMM_001_A.jpg,https://changes-ifr.s3.us-east-2.amazonaws.com/ss1/SUMM/double/a_first/Marquette_Bass2_SUMM_001_B.jpg,Methyl Orange Alk Range
63264928,"[['18.0-30.0', '18.0', '18.0-30.0', '18.0-30.0'], ['', '-', '', ''], ['', '30.0', '', '']]",4,1.666666667,18.0-30.0 - 30.0,18,30,,,https://changes-ifr.s3.us-east-2.amazonaws.com/ss1/SUMM/double/a_first/Marquette_Fish_SUMM_001_A.jpg,https://changes-ifr.s3.us-east-2.amazonaws.com/ss1/SUMM/double/a_first/Marquette_Fish_SUMM_001_B.jpg,Methyl Orange Alk Range
63264942,"[['110-163', '110', '110-163', '110-163'], ['', '-', '', ''], ['', '163', '', '']]",4,1.666666667,110-163 - 163,110,163,,,https://changes-ifr.s3.us-east-2.amazonaws.com/ss1/SUMM/double/a_first/Newaygo_Sylvan_SUMM_001_A.jpg,https://changes-ifr.s3.us-east-2.amazonaws.com/ss1/SUMM/double/a_first/Newaygo_Sylvan_SUMM_001_B.jpg,Methyl Orange Alk Range
63264946,"[['220', '220-270', '220-270', '220-270'], ['-', '', '', ''], ['270', '', '', '']]",4,1.666666667,220-270 - 270,220,270,,,https://changes-ifr.s3.us-east-2.amazonaws.com/ss1/SUMM/double/a_first/Oakland_BigSeven_SUMM_001_A.jpg,https://changes-ifr.s3.us-east-2.amazonaws.com/ss1/SUMM/double/a_first/Oakland_BigSeven_SUMM_001_B.jpg,Methyl Orange Alk Range
63264947,"[['84-93', '84', '84-93', '64-93'], ['', '-', '', ''], ['', '93', '', ''], ['ppm', 'ppm', 'ppm.', 'ppm']]",4,1.75,84-93 - 93 ppm,84,93,ppm,,https://changes-ifr.s3.us-east-2.amazonaws.com/ss1/SUMM/double/a_first/Oakland_Deep_SUMM_20191211145550015_0001.jpg,https://changes-ifr.s3.us-east-2.amazonaws.com/ss1/SUMM/double/a_first/Oakland_Deep_SUMM_20191211145550015_0002.jpg,Methyl Orange Alk Range
63264950,"[['146', '146-173', '146-173', '146-173'], ['-', '', '', ''], ['173', '', '', '']]",4,1.666666667,146-173 - 173,146,173,,,https://changes-ifr.s3.us-east-2.amazonaws.com/ss1/SUMM/double/a_first/Oakland_LowerPettibone_63-564_1952_SUMM_001_01.jpg,https://changes-ifr.s3.us-east-2.amazonaws.com/ss1/SUMM/double/a_first/Oakland_LowerPettibone_63-564_1952_SUMM_001_02.jpg,Methyl Orange Alk Range
63264961,"[['125-132', '125-132', '125', '125-132'], ['', '', '-', ''], ['', '', '132', '']]",4,1.666666667,125-132 - 132,125,132,,,https://changes-ifr.s3.us-east-2.amazonaws.com/ss1/SUMM/double/a_first/OCEANA_SILVER_SUMM_0001_1.jpg,https://changes-ifr.s3.us-east-2.amazonaws.com/ss1/SUMM/double/a_first/OCEANA_SILVER_SUMM_0001_2.jpg,Methyl Orange Alk Range
63264963,"[['74', '74-90', '74-90', '74-90'], ['-', '', '', ''], ['90', '', '', '']]",4,1.666666667,74-90 - 90,74,90,,,https://changes-ifr.s3.us-east-2.amazonaws.com/ss1/SUMM/double/a_first/OCEANA_PEBAWMA_SUMM_0001_1.jpg,https://changes-ifr.s3.us-east-2.amazonaws.com/ss1/SUMM/double/a_first/OCEANA_PEBAWMA_SUMM_0001_2.jpg,Methyl Orange Alk Range
63264967,"[['170', '170-220', '170', '170-220'], ['-', '', '-', ''], ['220', '', '120', '']]",4,1.666666667,170 - 220,170,220,,,https://changes-ifr.s3.us-east-2.amazonaws.com/ss1/SUMM/double/a_first/Oakland_UpperProud_63-278_1971_SUMM_001_01.jpg,https://changes-ifr.s3.us-east-2.amazonaws.com/ss1/SUMM/double/a_first/Oakland_UpperProud_63-278_1971_SUMM_001_02.jpg,Methyl Orange Alk Range
63264973,"[['164-183', '164-183', '164-183ppm', '164'], ['', '', '', '-'], ['', '', '', '183'], ['ppm.', 'ppm', '', 'ppm']]",4,1.5,164-183 - 183 ppm,164,183,ppm,,https://changes-ifr.s3.us-east-2.amazonaws.com/ss1/SUMM/double/a_first/OGEMAW_DEVOE_SUMM_0001_1.jpeg,https://changes-ifr.s3.us-east-2.amazonaws.com/ss1/SUMM/double/a_first/OGEMAW_DEVOE_SUMM_0001_2.jpeg,Methyl Orange Alk Range
63264975,"[['108-111', '108-111', '108-111', '108'], ['', '', '', '-'], ['', '', '', '111']]",4,1.666666667,108-111 - 111,108,111,,,https://changes-ifr.s3.us-east-2.amazonaws.com/ss1/SUMM/double/a_first/OGEMAW_HORSESHOE_SUMM_0001_1.jpeg,https://changes-ifr.s3.us-east-2.amazonaws.com/ss1/SUMM/double/a_first/OGEMAW_HORSESHOE_SUMM_0001_2.jpeg,Methyl Orange Alk Range
63264984,"[['88-94', '88', '88-94', '84-94'], ['', '-', '', ''], ['', '94', '', ''], ['ppm', 'ppm', 'ppm.', 'ppm']]",4,1.75,88-94 - 94 ppm,88,94,ppm,,https://changes-ifr.s3.us-east-2.amazonaws.com/ss1/SUMM/double/a_first/OGEMAW_LAKEGEORGE_SUMM_0001_1.jpeg,https://changes-ifr.s3.us-east-2.amazonaws.com/ss1/SUMM/double/a_first/OGEMAW_LAKEGEORGE_SUMM_0001_2.jpeg,Methyl Orange Alk Range
63264991,"[['8', '8-15', '8-15', '8-16'], ['-', '', '', ''], ['15', '', '', '']]",4,1.333333333,8/15/15,8,15,,,https://changes-ifr.s3.us-east-2.amazonaws.com/ss1/SUMM/double/a_first/ONTONAGON_DEADMAN_SUMM_0001_1.jpg,https://changes-ifr.s3.us-east-2.amazonaws.com/ss1/SUMM/double/a_first/ONTONAGON_DEADMAN_SUMM_0001_2.jpg,Methyl Orange Alk Range
63264995,"[['5', '', '', ''], ['-', '', '', ''], ['11', '5-11', '5-11', '5-11'], ['ppm', 'p.p.m.', 'p.p.m.', 'ppm']]",4,1.75,5 - 5-11 ppm,5,11,ppm,,https://changes-ifr.s3.us-east-2.amazonaws.com/ss1/SUMM/double/a_first/ONTONAGON_MOLLS_SUMM_0001_1.jpg,https://changes-ifr.s3.us-east-2.amazonaws.com/ss1/SUMM/double/a_first/ONTONAGON_MOLLS_SUMM_0001_2.jpg,Methyl Orange Alk Range
63265016,"[['27.36', '27.36-34.2', '27.36-34.2', '27.36-34.2ppm'], ['-', '', '', ''], ['34.2', '', '', ''], ['ppa', 'ppm', 'ppm', '']]",4,1.5,27.36-34.2 - 34.2 ppm,27.36,34.2,ppm,,https://changes-ifr.s3.us-east-2.amazonaws.com/ss1/SUMM/double/a_first/OSCEOLA_WELLS_SUMM_0001_1.jpg,https://changes-ifr.s3.us-east-2.amazonaws.com/ss1/SUMM/double/a_first/OSCEOLA_WELLS_SUMM_0001_2.jpg,Methyl Orange Alk Range
63265020,"[['198.0-203.0', '198.0-203.0', '198.0', '198.0-203.0'], ['', '', '-', ''], ['', '', '203.0', ''], ['ppm.', 'ppm', 'ppm', 'ppm.']]",4,1.75,198.0-203.0 - 203.0 ppm.,198,203,ppm,,https://changes-ifr.s3.us-east-2.amazonaws.com/ss1/SUMM/double/a_first/Washtenaw_Argo_SUMM_20200203130132622_0005.jpg,https://changes-ifr.s3.us-east-2.amazonaws.com/ss1/SUMM/double/a_first/Washtenaw_Argo_SUMM_20200203130132622_0006.jpg,Methyl Orange Alk Range
63265027,"[['105-160', '105-160', '105', '105-160'], ['', '', '-', ''], ['', '', '160', '']]",4,1.666666667,105-160 - 160,105,160,,,https://changes-ifr.s3.us-east-2.amazonaws.com/ss1/SUMM/double/a_first/Washtenaw_Bruin_SUMM_Washtenaw_Bruin_SUMM_20200218104508573_0001.jpg,https://changes-ifr.s3.us-east-2.amazonaws.com/ss1/SUMM/double/a_first/Washtenaw_Bruin_SUMM_Washtenaw_Bruin_SUMM_20200218104508573_0002.jpg,Methyl Orange Alk Range
63265038,"[['111.0', '111.0', ''], ['', '-', ''], ['-115.0', '115.0', '111.0-115.0'], ['ppm', 'ppm', 'ppm.']]",3,1.5,111.0 - -115.0 ppm,111,115,ppm,,https://changes-ifr.s3.us-east-2.amazonaws.com/ss1/SUMM/double/a_first/Washtenaw_FourMile_SUMM_20200218143718807_0007.jpg,https://changes-ifr.s3.us-east-2.amazonaws.com/ss1/SUMM/double/a_first/Washtenaw_FourMile_SUMM_20200218143718807_0008.jpg,Methyl Orange Alk Range
63265039,"[['180-185', '180-185', '180', '180-185'], ['', '', '-', ''], ['', '', '185', '']]",4,1.666666667,180-185 - 185,180,185,,,https://changes-ifr.s3.us-east-2.amazonaws.com/ss1/SUMM/double/a_first/Washtenaw_HalfMoon_47-51_1942_SUMM_001_01.jpg,https://changes-ifr.s3.us-east-2.amazonaws.com/ss1/SUMM/double/a_first/Washtenaw_HalfMoon_47-51_1942_SUMM_001_02.jpg,Methyl Orange Alk Range
63265041,"[['162', '162-163', '162-163', '162-163'], ['-', '', '', ''], ['163', '', '', '']]",4,1.666666667,162-163 - 163,162,163,,,https://changes-ifr.s3.us-east-2.amazonaws.com/ss1/SUMM/double/a_first/Washtenaw_Hankard_SUMM_20200224125752535_0001.jpg,https://changes-ifr.s3.us-east-2.amazonaws.com/ss1/SUMM/double/a_first/Washtenaw_Hankard_SUMM_20200224125752535_0002.jpg,Methyl Orange Alk Range
63265042,"[['Not', '164'], ['worth', ''], ['managing', ''], ['(R.W.', ''], ['Eschmeyer)', '']]",2,1,Not worth managing (R.W. Eschmeyer),0,164,,,https://changes-ifr.s3.us-east-2.amazonaws.com/ss1/SUMM/double/a_first/Washtenaw_Klink_SUMM_20200225130740036_0005.jpg,https://changes-ifr.s3.us-east-2.amazonaws.com/ss1/SUMM/double/a_first/Washtenaw_Klink_SUMM_20200225130740036_0006.jpg,Methyl Orange Alk Range
63265046,"[['45-97', '45', '45-97', '45-97ppm'], ['', '-', '', ''], ['', '97', '', ''], ['ppm', 'ppm', 'ppm', '']]",4,1.75,45-97 - 97 ppm,45,97,ppm,,https://changes-ifr.s3.us-east-2.amazonaws.com/ss2/SUMM/double/b_first/Otsego_Bear_SUMM_136.jpeg,https://changes-ifr.s3.us-east-2.amazonaws.com/ss2/SUMM/double/b_first/Otsego_Bear_SUMM_135.jpeg,Methyl Orange Alk Range
63265048,"[['161-185', '161-185', '161-185', '161'], ['', '', '', '-'], ['', '', '', '185']]",4,1.666666667,161-185 - 185,161,185,,,https://changes-ifr.s3.us-east-2.amazonaws.com/ss1/SUMM/double/a_first/Washtenaw_LongLake_SUMM_20200225132549240_0003.jpg,https://changes-ifr.s3.us-east-2.amazonaws.com/ss1/SUMM/double/a_first/Washtenaw_LongLake_SUMM_20200225132549240_0004.jpg,Methyl Orange Alk Range
63265054,"[['', '', '', '93'], ['', '', '', '-'], ['93-100', '93-100', '93-100', '100']]",4,1.666666667,93 - 93-100,93,100,,,https://changes-ifr.s3.us-east-2.amazonaws.com/ss2/SUMM/double/b_first/Otsego_Douglas_SUMM_4.jpeg,https://changes-ifr.s3.us-east-2.amazonaws.com/ss2/SUMM/double/b_first/Otsego_Douglas_SUMM_3.jpeg,Methyl Orange Alk Range
63265065,"[['10-16', '10', '10-16', '10-16'], ['', '-', '', ''], ['', '16', '', '']]",4,1.666666667,10/16/16,10,16,,,https://changes-ifr.s3.us-east-2.amazonaws.com/ss2/SUMM/double/a_first/ALCONA_CRYSTAL_SUMM_0001_1.jpeg,https://changes-ifr.s3.us-east-2.amazonaws.com/ss2/SUMM/double/a_first/ALCONA_CRYSTAL_SUMM_0001_2.jpeg,Methyl Orange Alk Range
63265134,"[['140-190', '140', '140-190', '140-190'], ['', '-', '', ''], ['', '190', '', '']]",4,1.666666667,140-190 - 190,140,190,,,https://changes-ifr.s3.us-east-2.amazonaws.com/ss2/SUMM/double/a_first/ALGER_MITCHELL_SUMM_0002_1.jpeg,https://changes-ifr.s3.us-east-2.amazonaws.com/ss2/SUMM/double/a_first/ALGER_MITCHELL_SUMM_0002_2.jpeg,Methyl Orange Alk Range
63265156,"[['1.0-3.0', '1.0-3.0', '1.0'], ['', '', '-'], ['', '', '3.0']]",3,1.333333333,1.0-3.0 - 3.0,1,3,,,https://changes-ifr.s3.us-east-2.amazonaws.com/ss2/SUMM/double/a_first/ALGER_SHADY_SUMM_0001_1.jpeg,https://changes-ifr.s3.us-east-2.amazonaws.com/ss2/SUMM/double/a_first/ALGER_SHADY_SUMM_0001_2.jpeg,Methyl Orange Alk Range
63265174,"[['Methyl', '', ''], ['purple', '', ''], ['Alk.', '', ''], ['(range)', '', ''], ['5.0', '5.0', '5.0'], ['ppm', 'ppm', 'ppm']]",3,1.666666667,Methyl purple Alk. (range) 5.0 ppm,0,5,ppm,purple,https://changes-ifr.s3.us-east-2.amazonaws.com/ss2/SUMM/double/a_first/ALGER_WEBER_SUMM_0001_1.jpeg,https://changes-ifr.s3.us-east-2.amazonaws.com/ss2/SUMM/double/a_first/ALGER_WEBER_SUMM_0001_2.jpeg,Methyl Orange Alk Range
63265179,"[['10-60', '10', '10-60', '10-60'], ['', '-', '', ''], ['', '60', '', '']]",4,1.666666667,10-60 - 60,10,60,,,https://changes-ifr.s3.us-east-2.amazonaws.com/ss2/SUMM/double/a_first/ALLEGAN_ELY_SUMM_0001_1.jpeg,https://changes-ifr.s3.us-east-2.amazonaws.com/ss2/SUMM/double/a_first/ALLEGAN_ELY_SUMM_0001_2.jpeg,Methyl Orange Alk Range
63265180,"[['52-56', '52-56', '52', '52-56'], ['', '', '-', ''], ['', '', '56', ''], ['p.p.m.', 'p.p.m.', 'ppm', 'ppm']]",4,1.75,52-56 - 56 p.p.m.,52,56,ppm,,https://changes-ifr.s3.us-east-2.amazonaws.com/ss2/SUMM/double/a_first/ALLEGAN_LOWERSCOTT_SUMM_0001_1.jpeg,https://changes-ifr.s3.us-east-2.amazonaws.com/ss2/SUMM/double/a_first/ALLEGAN_LOWERSCOTT_SUMM_0001_2.jpeg,Methyl Orange Alk Range
63265186,"[['55-56ppm', '55', '55-56', '55-56'], ['', '-', '', ''], ['', '56', '', ''], ['', 'ppm', 'ppm', 'ppm']]",4,1.75,55-56 - 56 ppm,55,56,ppm,,https://changes-ifr.s3.us-east-2.amazonaws.com/ss2/SUMM/double/a_first/ALLEGAN_SCOTTUPPER_SUMM_0001_1.jpeg,https://changes-ifr.s3.us-east-2.amazonaws.com/ss2/SUMM/double/a_first/ALLEGAN_SCOTTUPPER_SUMM_0001_2.jpeg,Methyl Orange Alk Range
63265200,"[['162-200', '162-200', '162-200', '162'], ['', '', '', '-'], ['', '', '', '200'], ['ppm.', 'ppm.', 'ppm', 'ppm']]",4,1.75,162-200 - 200 ppm.,162,200,ppm,,https://changes-ifr.s3.us-east-2.amazonaws.com/ss2/SUMM/double/a_first/ANTRIM_BENWAY_SUMM_0001_1.jpeg,https://changes-ifr.s3.us-east-2.amazonaws.com/ss2/SUMM/double/a_first/ANTRIM_BENWAY_SUMM_0001_2.jpeg,Methyl Orange Alk Range
63265201,"[['190-185', '190-185', '190', '190-185'], ['', '', '-', ''], ['', '', '185', ''], ['ppm.', 'ppm.', 'ppm', 'ppm']]",4,1.75,190-185 - 185 ppm.,185,190,ppm,,https://changes-ifr.s3.us-east-2.amazonaws.com/ss2/SUMM/double/a_first/ANTRIM_HANLEY_SUMM_0001_1.jpeg,https://changes-ifr.s3.us-east-2.amazonaws.com/ss2/SUMM/double/a_first/ANTRIM_HANLEY_SUMM_0001_2.jpeg,Methyl Orange Alk Range
63265216,"[['10-25ppm', '10-25', '10', '10-25ppm'], ['', '', '-25', ''], ['', 'ppm', 'ppm', '']]",4,1.666666667,10-25ppm -25 ppm,10,25,ppm,,https://changes-ifr.s3.us-east-2.amazonaws.com/ss2/SUMM/double/a_first/BARAGA_COON_SUMM_0001_1.jpeg,https://changes-ifr.s3.us-east-2.amazonaws.com/ss2/SUMM/double/a_first/BARAGA_COON_SUMM_0001_2.jpeg,Methyl Orange Alk Range
63265225,"[['10-27', '10', '10-27', '10-27ppm'], ['', '-', '', ''], ['', '27', '', ''], ['ppm', 'ppm', 'ppm', '']]",4,1.75,10-27 - 27 ppm,10,27,ppm,,https://changes-ifr.s3.us-east-2.amazonaws.com/ss2/SUMM/double/a_first/BARAGA_GEORGE_SUMM_0001_1.jpeg,https://changes-ifr.s3.us-east-2.amazonaws.com/ss2/SUMM/double/a_first/BARAGA_GEORGE_SUMM_0001_2.jpeg,Methyl Orange Alk Range
63265249,"[['127', '127-158', '127-158', '127-158'], ['-', '', '', ''], ['158', '', '', ''], ['ppm', 'ppm', 'ppm.', 'ppm.']]",4,1.75,127-158 - 158 ppm,127,158,ppm,,https://changes-ifr.s3.us-east-2.amazonaws.com/ss2/SUMM/double/a_first/BARRY_BARLOW_SUMM_0001_1.jpeg,https://changes-ifr.s3.us-east-2.amazonaws.com/ss2/SUMM/double/a_first/BARRY_BARLOW_SUMM_0001_2.jpeg,Methyl Orange Alk Range
63265261,"[['134-131', '134-131', '134-131', '134'], ['', '', '', '-'], ['', '', '', '131']]",4,1.666666667,134-131 - 131,131,134,,,https://changes-ifr.s3.us-east-2.amazonaws.com/ss2/SUMM/double/a_first/BARRY_CHIEFNOONDAY_SUMM_0001_1.jpeg,https://changes-ifr.s3.us-east-2.amazonaws.com/ss2/SUMM/double/a_first/BARRY_CHIEFNOONDAY_SUMM_0001_2.jpeg,Methyl Orange Alk Range
63265274,"[['146-185', '146-185', '146', '146-185'], ['', '', '-', ''], ['', '', '185', ''], ['ppm.', 'ppm', 'ppm', 'ppm.']]",4,1.75,146-185 - 185 ppm.,146,185,ppm,,https://changes-ifr.s3.us-east-2.amazonaws.com/ss2/SUMM/double/a_first/BARRY_LIME_SUMM_0001_1.jpeg,https://changes-ifr.s3.us-east-2.amazonaws.com/ss2/SUMM/double/a_first/BARRY_LIME_SUMM_0001_2.jpeg,Methyl Orange Alk Range
63265276,"[['143-161', '143-161', '143', '143-161'], ['', '', '-', ''], ['', '', '161', '']]",4,1.666666667,143-161 - 161,143,161,,,https://changes-ifr.s3.us-east-2.amazonaws.com/ss2/SUMM/double/a_first/BARRY_LONG1NR103536_SUMM_0001_1.jpeg,https://changes-ifr.s3.us-east-2.amazonaws.com/ss2/SUMM/double/a_first/BARRY_LONG1NR103536_SUMM_0001_2.jpeg,Methyl Orange Alk Range
63265279,"[['71-98', '71-98', '71', '71-98'], ['', '', '-', ''], ['', '', '98', '']]",4,1.666666667,71-98 - 98,71,98,,,https://changes-ifr.s3.us-east-2.amazonaws.com/ss2/SUMM/double/a_first/BARRY_LOON_SUMM_0001_1.jpeg,https://changes-ifr.s3.us-east-2.amazonaws.com/ss2/SUMM/double/a_first/BARRY_LOON_SUMM_0001_2.jpeg,Methyl Orange Alk Range
63265281,"[['136-174', '136-174', '136', '136-174'], ['', '', '-', ''], ['', '', '174', ''], ['ppm.', 'ppm', 'ppm', 'ppm.']]",4,1.75,136-174 - 174 ppm.,136,174,ppm,,https://changes-ifr.s3.us-east-2.amazonaws.com/ss2/SUMM/double/a_first/BARRY_MIDDLE4N8WSECS_SUMM_0001_1.jpeg,https://changes-ifr.s3.us-east-2.amazonaws.com/ss2/SUMM/double/a_first/BARRY_MIDDLE4N8WSECS_SUMM_0001_2.jpeg,Methyl Orange Alk Range
63265289,"[['904', '', '', ''], ['-', '', '', ''], ['98', '94-98', '94-98', '94-98']]",4,1.666666667,904 - 94-98,94,98,,,https://changes-ifr.s3.us-east-2.amazonaws.com/ss2/SUMM/double/a_first/BARRY_SHELP_SUMM_0001_1.jpeg,https://changes-ifr.s3.us-east-2.amazonaws.com/ss2/SUMM/double/a_first/BARRY_SHELP_SUMM_0001_2.jpeg,Methyl Orange Alk Range
63265291,"[[""15'""], ['-'], [""27'""]]",1,1,15' - 27',NA,,,,https://changes-ifr.s3.us-east-2.amazonaws.com/ss2/SUMM/double/a_first/BARRY_SUGARBUSH_SUMM_0001_1.jpeg,https://changes-ifr.s3.us-east-2.amazonaws.com/ss2/SUMM/double/a_first/BARRY_SUGARBUSH_SUMM_0001_2.jpeg,Methyl Orange Alk Range
63265316,"[['162-222', '162', '162', '162-222'], ['', '-', 'to', ''], ['', '222', '222', '']]",4,1.666666667,162-222 - 222,162,222,,,https://changes-ifr.s3.us-east-2.amazonaws.com/ss2/SUMM/double/a_first/BRANCH_CRAIG_SUMM_0001_1.jpeg,https://changes-ifr.s3.us-east-2.amazonaws.com/ss2/SUMM/double/a_first/BRANCH_CRAIG_SUMM_0001_2.jpeg,Methyl Orange Alk Range
63265319,"[['134.0-192.0', '134.0-192.0', '134.0', '134.0-192.0'], ['', '', '-', ''], ['', '', '192.0', '']]",4,1.666666667,134.0-192.0 - 192.0,134,192,,,https://changes-ifr.s3.us-east-2.amazonaws.com/ss2/SUMM/double/a_first/BRANCH_GOODRICH_SUMM_0001_1.jpeg,https://changes-ifr.s3.us-east-2.amazonaws.com/ss2/SUMM/double/a_first/BRANCH_GOODRICH_SUMM_0001_2.jpeg,Methyl Orange Alk Range
63265320,"[['184', '184-189', '184-189', '184-189'], ['-', '', '', ''], ['189', '', '', '']]",4,1.666666667,184-189 - 189,184,189,,,https://changes-ifr.s3.us-east-2.amazonaws.com/ss2/SUMM/double/a_first/BRANCH_LOON_SUMM_0001_1.jpeg,https://changes-ifr.s3.us-east-2.amazonaws.com/ss2/SUMM/double/a_first/BRANCH_LOON_SUMM_0001_2.jpeg,Methyl Orange Alk Range
63265326,"[['172-183', '172-183', '172-183', '172'], ['', '', '', '-'], ['', '', '', '183']]",4,1.666666667,172-183 - 183,172,183,,,https://changes-ifr.s3.us-east-2.amazonaws.com/ss2/SUMM/double/a_first/Kalamazoo_Eagle_SUMM_018.jpg,https://changes-ifr.s3.us-east-2.amazonaws.com/ss2/SUMM/double/a_first/Kalamazoo_Eagle_SUMM_019.jpg,Methyl Orange Alk Range
63265338,"[['204-210', '204-210', '204-210', '204'], ['', '', '', '-'], ['', '', '', '210'], ['ppm.', 'ppm.', 'ppm', 'ppm']]",4,1.75,204-210 - 210 ppm.,204,210,ppm,,https://changes-ifr.s3.us-east-2.amazonaws.com/ss2/SUMM/double/a_first/Kalamazoo_Lawler_SUMM_004.jpg,https://changes-ifr.s3.us-east-2.amazonaws.com/ss2/SUMM/double/a_first/Kalamazoo_Lawler_SUMM_005.jpg,Methyl Orange Alk Range
63265340,"[['210', '210-213', '210-213', '210-213'], ['-', '', '', ''], ['213', '', '', '']]",4,1.666666667,210-213 - 213,210,213,,,https://changes-ifr.s3.us-east-2.amazonaws.com/ss2/SUMM/double/a_first/Kalamazoo_PawPawLittle_SUMM_016.jpg,https://changes-ifr.s3.us-east-2.amazonaws.com/ss2/SUMM/double/a_first/Kalamazoo_PawPawLittle_SUMM_017.jpg,Methyl Orange Alk Range
63265341,"[['215-221ppm', '215-221', '215', '215-221'], ['', '', '-', ''], ['', '', '221', ''], ['', 'ppm', 'ppm', 'ppm.']]",4,1.5,215-221 - 221 ppm,215,221,ppm,,https://changes-ifr.s3.us-east-2.amazonaws.com/ss2/SUMM/double/a_first/Kalamazoo_Lost_SUMM_006.jpg,https://changes-ifr.s3.us-east-2.amazonaws.com/ss2/SUMM/double/a_first/Kalamazoo_Lost_SUMM_007.jpg,Methyl Orange Alk Range
63265342,"[['145-180', '145-180', '145-180', '145'], ['', '', '', '-'], ['', '', '', '180']]",4,1.666666667,145-180 - 180,145,180,,,https://changes-ifr.s3.us-east-2.amazonaws.com/ss2/SUMM/double/a_first/Kalamazoo_Lyons_SUMM_003.jpg,https://changes-ifr.s3.us-east-2.amazonaws.com/ss2/SUMM/double/a_first/Kalamazoo_Lyons_SUMM_004.jpg,Methyl Orange Alk Range
63265346,[['27']],1,1,27,NA,,,,https://changes-ifr.s3.us-east-2.amazonaws.com/ss2/SUMM/double/a_first/Kalamazoo_Sherman_SUMM_014.jpg,https://changes-ifr.s3.us-east-2.amazonaws.com/ss2/SUMM/double/a_first/Kalamazoo_Sherman_SUMM_015.jpg,Methyl Orange Alk Range
63265348,"[['135-143', '135', '135-143', '135-143'], ['', '-', '', ''], ['', '143', '', '']]",4,1.666666667,135-143 - 143,135,143,,,https://changes-ifr.s3.us-east-2.amazonaws.com/ss2/SUMM/double/a_first/Kalkaska_BlueBig_SUMM_035.jpg,https://changes-ifr.s3.us-east-2.amazonaws.com/ss2/SUMM/double/a_first/Kalkaska_BlueBig_SUMM_036.jpg,Methyl Orange Alk Range
63265351,"[['95', '95-88', '95--88', '95--88ppm'], ['-', '', '', ''], ['88', '', '', ''], ['ppm', 'ppm', 'ppm', '']]",4,1.5,95 - 88 ppm,88,95,ppm,,https://changes-ifr.s3.us-east-2.amazonaws.com/ss2/SUMM/double/a_first/Kalkaska_Eagle_SUMM_011.jpg,https://changes-ifr.s3.us-east-2.amazonaws.com/ss2/SUMM/double/a_first/Kalkaska_Eagle_SUMM_012.jpg,Methyl Orange Alk Range
63265355,"[['73-76ppm', '73-76', '73', '73-76'], ['', '', '-', ''], ['', '', '76', ''], ['', 'ppm', 'ppm', 'p.p.m.']]",4,1.5,73-76 - 76 ppm,73,76,ppm,,https://changes-ifr.s3.us-east-2.amazonaws.com/ss2/SUMM/double/a_first/Kalkaska_Manistee_SUMM_015.jpg,https://changes-ifr.s3.us-east-2.amazonaws.com/ss2/SUMM/double/a_first/Kalkaska_Manistee_SUMM_016.jpg,Methyl Orange Alk Range
63265359,"[['', '', '', '90'], ['', '', '', '-'], ['90-137', '90-137', '90-137', '137']]",4,1.666666667,90 - 90-137,90,137,ppm,,https://changes-ifr.s3.us-east-2.amazonaws.com/ss2/SUMM/double/a_first/Kalkaska_Oxbow_SUMM_015.jpg,https://changes-ifr.s3.us-east-2.amazonaws.com/ss2/SUMM/double/a_first/Kalkaska_Oxbow_SUMM_016.jpg,Methyl Orange Alk Range
63265360,"[['140-165', '140-165', '140-165', '140'], ['', '', '', '-'], ['', '', '', '165']]",4,1.666666667,140-165 - 165,140,165,,,https://changes-ifr.s3.us-east-2.amazonaws.com/ss2/SUMM/double/a_first/Kalkaska_SelkirkSouth_SUMM_009.jpg,https://changes-ifr.s3.us-east-2.amazonaws.com/ss2/SUMM/double/a_first/Kalkaska_SelkirkSouth_SUMM_010.jpg,Methyl Orange Alk Range
63265365,"[['[22]', '', '87', ''], ['', '', '-', ''], ['87-92', '87-92', '92', '87-92']]",4,1.666666667,[22] - 87-92,87,92,,,https://changes-ifr.s3.us-east-2.amazonaws.com/ss2/SUMM/double/a_first/Kalkaska_TwinLittle28N_5-6W_S-many_SUMM_015.jpg,https://changes-ifr.s3.us-east-2.amazonaws.com/ss2/SUMM/double/a_first/Kalkaska_TwinLittle28N_5-6W_S-many_SUMM_016.jpg,Methyl Orange Alk Range
63265377,"[['151-170', '151', '151-170', '151-170'], ['', '-', '', ''], ['', '170', '', '']]",4,1.666666667,151-170 - 170,151,170,,,https://changes-ifr.s3.us-east-2.amazonaws.com/ss2/SUMM/double/a_first/Kent_Frant_SUMM_005.jpg,https://changes-ifr.s3.us-east-2.amazonaws.com/ss2/SUMM/double/a_first/Kent_Frant_SUMM_006.jpg,Methyl Orange Alk Range
63265385,[['37']],1,1,37,NA,,,,https://changes-ifr.s3.us-east-2.amazonaws.com/ss2/SUMM/double/a_first/Kent_Round10N_11W_S31_SUMM_003.jpg,https://changes-ifr.s3.us-east-2.amazonaws.com/ss2/SUMM/double/a_first/Kent_Round10N_11W_S31_SUMM_004.jpg,Methyl Orange Alk Range
63265393,[['-']],1,1,-,NA,,,,https://changes-ifr.s3.us-east-2.amazonaws.com/ss2/SUMM/double/a_first/Kent_Scotch_SUMM_002.jpg,https://changes-ifr.s3.us-east-2.amazonaws.com/ss2/SUMM/double/a_first/Kent_Scotch_SUMM_003.jpg,Methyl Orange Alk Range
63265397,"[['149-170', '149-170', '149-178', '149'], ['', '', '', '-'], ['', '', '', '170'], ['ppm.', 'ppm.', 'ppm.', 'ppm']]",4,1.75,149-170 - 170 ppm.,149,170,ppm,,https://changes-ifr.s3.us-east-2.amazonaws.com/ss2/SUMM/double/a_first/Kent_WabasisBig_SUMM_019.jpg,https://changes-ifr.s3.us-east-2.amazonaws.com/ss2/SUMM/double/a_first/Kent_WabasisBig_SUMM_020.jpg,Methyl Orange Alk Range
63265404,"[['91.0', '91.0-93.5', '91.0-93.5', '91.0-93.5'], ['-', '', '', ''], ['93.5', '', '', '']]",4,1.666666667,91.0-93.5 - 93.5,91,93.5,,,https://changes-ifr.s3.us-east-2.amazonaws.com/ss2/SUMM/double/a_first/Lake_Hamlin_SUMM_004.jpg,https://changes-ifr.s3.us-east-2.amazonaws.com/ss2/SUMM/double/a_first/Lake_Hamlin_SUMM_005.jpg,Methyl Orange Alk Range
63265407,"[['', '', '95', ''], ['', '', '-', ''], ['95-110', '95-110', '110', '95-110']]",4,1.666666667,95 - 95-110,95,110,,,https://changes-ifr.s3.us-east-2.amazonaws.com/ss2/SUMM/double/a_first/Lake_Harper_SUMM_011.jpg,https://changes-ifr.s3.us-east-2.amazonaws.com/ss2/SUMM/double/a_first/Lake_Harper_SUMM_012.jpg,Methyl Orange Alk Range
63265437,"[['133', '133-149', '133-149', '133-149'], ['-', '', '', ''], ['149', '', '', ''], ['ppm', 'ppm.', 'ppm', 'ppm.']]",4,1.75,133-149 - 149 ppm,133,149,ppm,,https://changes-ifr.s3.us-east-2.amazonaws.com/ss2/SUMM/double/a_first/Lake_Switzer_SUMM_011.jpg,https://changes-ifr.s3.us-east-2.amazonaws.com/ss2/SUMM/double/a_first/Lake_Switzer_SUMM_012.jpg,Methyl Orange Alk Range
63265442,"[['40-30', '40'], ['', '-'], ['', '30']]",2,1,40-30 - 30,30,40,,,https://changes-ifr.s3.us-east-2.amazonaws.com/ss2/SUMM/double/a_first/Leelanau_Davis_SUMM_005.jpg,https://changes-ifr.s3.us-east-2.amazonaws.com/ss2/SUMM/double/a_first/Leelanau_Davis_SUMM_006.jpg,Methyl Orange Alk Range
63265455,"[['136-150', '136', '136-150', '136-150'], ['', '-', '', ''], ['', '150', '', '']]",4,1.666666667,136-150 - 150,136,150,,,https://changes-ifr.s3.us-east-2.amazonaws.com/ss2/SUMM/double/a_first/Leelanau_Lime_SUMM_063.jpg,https://changes-ifr.s3.us-east-2.amazonaws.com/ss2/SUMM/double/a_first/Leelanau_Lime_SUMM_064.jpg,Methyl Orange Alk Range
63265468,"[['phth=4,', 'phth', 'phth=4,'], ['', '=', ''], ['', '4,', ''], ['total', 'totoal', ''], ['=', '=', ''], ['104ppm', '104', 'total=104ppm'], ['', 'ppm', '']]",3,1.285714286,"phth=4, = 4, total = 104ppm ppm",0,104,ppm,"phth=4, total=104ppm",https://changes-ifr.s3.us-east-2.amazonaws.com/ss2/SUMM/double/a_first/Livingston_Buck_SUMM_002.jpg,https://changes-ifr.s3.us-east-2.amazonaws.com/ss2/SUMM/double/a_first/Livingston_Buck_SUMM_003.jpg,Methyl Orange Alk Range
63265469,"[['102', '102-155', '102-155', '102-155ppm'], ['-', '', '', ''], ['155', '', '', ''], ['ppm', 'ppm.', 'ppm.', '']]",4,1.5,102-155 - 155 ppm.,102,155,ppm,,https://changes-ifr.s3.us-east-2.amazonaws.com/ss2/SUMM/double/a_first/Livingston_Fonda_SUMM_012.jpg,https://changes-ifr.s3.us-east-2.amazonaws.com/ss2/SUMM/double/a_first/Livingston_Fonda_SUMM_013.jpg,Methyl Orange Alk Range
63265482,"[['107-205', '107', '107-205', '107-205'], ['', '-', '', ''], ['', '205', '', ''], ['ppm.', 'ppm.', 'ppm', 'ppm']]",4,1.75,107-205 - 205 ppm.,107,205,ppm,,https://changes-ifr.s3.us-east-2.amazonaws.com/ss2/SUMM/double/a_first/Livingston_Whitewood_SUMM_007.jpg,https://changes-ifr.s3.us-east-2.amazonaws.com/ss2/SUMM/double/a_first/Livingston_Whitewood_SUMM_008.jpg,Methyl Orange Alk Range
63265504,"[['2-8', '2', '2-8', '2-8'], ['', '-', '', ''], ['', '8', '', '']]",4,1.666666667,2/8/08,2,8,,,https://changes-ifr.s3.us-east-2.amazonaws.com/ss2/SUMM/double/a_first/Luce_Dillingham_SUMM_012.jpg,https://changes-ifr.s3.us-east-2.amazonaws.com/ss2/SUMM/double/a_first/Luce_Dillingham_SUMM_013.jpg,Methyl Orange Alk Range
63265510,"[['18-23', '18-23', '18-23', '18'], ['', '', '', '-'], ['', '', '', '23']]",4,1.666666667,18-23 - 23,18,23,,,https://changes-ifr.s3.us-east-2.amazonaws.com/ss2/SUMM/double/a_first/Luce_Holland_SUMM_044.jpg,https://changes-ifr.s3.us-east-2.amazonaws.com/ss2/SUMM/double/a_first/Luce_Holland_SUMM_045.jpg,Methyl Orange Alk Range
63265544,"[['', 'PN-', '', ''], ['', 'TH', '', ''], ['17.1ppm', '17.1', '17.1', '17.1'], ['', 'ppm.', 'ppm', 'ppm']]",4,1.75,PN- TH 17.1 ppm,0,17.1,ppm,PH-TH Alk. Range,https://changes-ifr.s3.us-east-2.amazonaws.com/ss2/SUMM/double/a_first/Mackinac_DollarBig_SUMM_003.jpg,https://changes-ifr.s3.us-east-2.amazonaws.com/ss2/SUMM/double/a_first/Mackinac_DollarBig_SUMM_004.jpg,Methyl Orange Alk Range
63265549,"[['26', '26-70', '26-70', '26-70'], ['-', '', '', ''], ['70', '', '', '']]",4,1.666666667,26-70 - 70,26,70,,,https://changes-ifr.s3.us-east-2.amazonaws.com/ss2/SUMM/double/a_first/Mackinac_Gamble_SUMM_006.jpg,https://changes-ifr.s3.us-east-2.amazonaws.com/ss2/SUMM/double/a_first/Mackinac_Gamble_SUMM_007.jpg,Methyl Orange Alk Range
63265560,"[['10', '10-19', '10-19', '10-19'], ['-', '', '', ''], ['19', '', '', ''], ['ppm', 'ppm.', 'ppm.', 'ppm']]",4,1.75,10-19 - 19 ppm,10,19,ppm,,https://changes-ifr.s3.us-east-2.amazonaws.com/ss2/SUMM/double/a_first/Marquette_BaldwinKiln_SUMM_008.jpg,https://changes-ifr.s3.us-east-2.amazonaws.com/ss2/SUMM/double/a_first/Marquette_BaldwinKiln_SUMM_009.jpg,Methyl Orange Alk Range
63265580,"[['13.6-20.4', '13.6-20.4', '13.6', '13.6-20.4'], ['', '', '-', ''], ['', '', '20.4', '']]",4,1.666666667,13.6-20.4 - 20.4,13.6,20.4,,,https://changes-ifr.s3.us-east-2.amazonaws.com/ss2/SUMM/double/a_first/Marquette_Clear_SUMM_011.jpg,https://changes-ifr.s3.us-east-2.amazonaws.com/ss2/SUMM/double/a_first/Marquette_Clear_SUMM_012.jpg,Methyl Orange Alk Range
63265603,"[['5', '5-11', '5-11', '5-11pm'], ['-', '', '', ''], ['11', '', '', ''], ['ppm', 'ppm', 'ppm', '']]",4,1.75,5-11 - 11 ppm,5,11,ppm,,https://changes-ifr.s3.us-east-2.amazonaws.com/ss2/SUMM/double/a_first/Marquette_Hasscib_SUMM_009.jpg,https://changes-ifr.s3.us-east-2.amazonaws.com/ss2/SUMM/double/a_first/Marquette_Hasscib_SUMM_010.jpg,Methyl Orange Alk Range
63265620,"[['45-52', '45-52', '45'], ['', '', '-'], ['', '', '52'], ['ppm', 'ppm', 'ppm']]",3,1.75,45-52 - 52 ppm,45,52,ppm,,https://changes-ifr.s3.us-east-2.amazonaws.com/ss2/SUMM/double/a_first/Marquette_Lowmoor_SUMM_003.jpg,https://changes-ifr.s3.us-east-2.amazonaws.com/ss2/SUMM/double/a_first/Marquette_Lowmoor_SUMM_004.jpg,Methyl Orange Alk Range
63265631,"[['', '97', '', ''], ['', '-', '', ''], ['97-130', '130', '97-130', '97-130'], ['ppm.', 'ppm', 'ppm', 'ppm.']]",4,1.75,97 - 97-130 ppm.,97,130,ppm,,https://changes-ifr.s3.us-east-2.amazonaws.com/ss2/SUMM/double/a_first/Marquette_North_SUMM_006.jpg,https://changes-ifr.s3.us-east-2.amazonaws.com/ss2/SUMM/double/a_first/Marquette_North_SUMM_007.jpg,Methyl Orange Alk Range
63265633,"[['2-3', '2-3', '2-3', '2'], ['', '', '', '-'], ['', '', '', '3'], ['pp,', 'ppm.', 'ppm', 'ppm']]",4,1.75,2-3 - 3 ppm,2,3,ppm,,https://changes-ifr.s3.us-east-2.amazonaws.com/ss2/SUMM/double/a_first/Marquette_Perch45N_30W_S4_SUMM_015.jpg,https://changes-ifr.s3.us-east-2.amazonaws.com/ss2/SUMM/double/a_first/Marquette_Perch45N_30W_S4_SUMM_016.jpg,Methyl Orange Alk Range
63265637,"[['140-168', '140-168', '140-168', '140'], ['', '', '', '-'], ['', '', '', '168'], ['ppm.', 'ppm.', 'ppm', 'ppm']]",4,1.75,140-168 - 168 ppm.,140,168,ppm,,https://changes-ifr.s3.us-east-2.amazonaws.com/ss2/SUMM/double/a_first/Marquette_Porterfield_SUMM_003.jpg,https://changes-ifr.s3.us-east-2.amazonaws.com/ss2/SUMM/double/a_first/Marquette_Porterfield_SUMM_004.jpg,Methyl Orange Alk Range
63265639,"[['57-59', '57-59', '57', '57-59'], ['', '', '-', ''], ['', '', '59', ''], ['ppm.', 'ppm.', 'ppm', 'ppm']]",4,1.75,57-59 - 59 ppm.,57,59,ppm,,https://changes-ifr.s3.us-east-2.amazonaws.com/ss2/SUMM/double/a_first/Marquette_Round45N_28W_S6_SUMM_006.jpg,https://changes-ifr.s3.us-east-2.amazonaws.com/ss2/SUMM/double/a_first/Marquette_Round45N_28W_S6_SUMM_007.jpg,Methyl Orange Alk Range
63265643,"[['16-20', '16-20ppm.', '16-20', '16'], ['', '', '', '-'], ['', '', '', '20'], ['ppm.', '', 'ppm', 'ppm']]",4,1.5,16-20 - 20 ppm,16,20,ppm,,https://changes-ifr.s3.us-east-2.amazonaws.com/ss2/SUMM/double/a_first/Marquette_SauxHead_SUMM_006.jpg,https://changes-ifr.s3.us-east-2.amazonaws.com/ss2/SUMM/double/a_first/Marquette_SauxHead_SUMM_007.jpg,Methyl Orange Alk Range
63265649,"[['116-136', '116-136', '116', '116-136'], ['', '', '-', ''], ['', '', '136', '']]",4,1.666666667,116-136 - 136,116,136,,,https://changes-ifr.s3.us-east-2.amazonaws.com/ss2/SUMM/double/a_first/Marquette_Spring_SUMM_005.jpg,https://changes-ifr.s3.us-east-2.amazonaws.com/ss2/SUMM/double/a_first/Marquette_Spring_SUMM_006.jpg,Methyl Orange Alk Range
63265652,"[['19.0-20.0', '19.0', '19.0-20.0', '19.0-20.0'], ['', '-', '', ''], ['', '20.0', '', '']]",4,1.666666667,19.0-20.0 - 20.0,19,20,,,https://changes-ifr.s3.us-east-2.amazonaws.com/ss2/SUMM/double/a_first/Marquette_Sporley_SUMM_074.jpg,https://changes-ifr.s3.us-east-2.amazonaws.com/ss2/SUMM/double/a_first/Marquette_Sporley_SUMM_075.jpg,Methyl Orange Alk Range
63265661,"[['6.0-9.0', '6.0-9.0', '6.0', '6.0-9.0'], ['', '', '-', ''], ['', '', '9.0', '']]",4,1.666666667,6.0-9.0 - 9.0,6,9,,,https://changes-ifr.s3.us-east-2.amazonaws.com/ss2/SUMM/double/a_first/Marquette_UnnamedPond_SUMM_003.jpg,https://changes-ifr.s3.us-east-2.amazonaws.com/ss2/SUMM/double/a_first/Marquette_UnnamedPond_SUMM_004.jpg,Methyl Orange Alk Range
63265663,"[['s'], ['6'], ['[?]0'], ['low'], ['range'], ['so[?]le'], ['[crossed'], ['out'], ['in'], ['pen]']]",1,1,s 6 [?]0 low range so[?]le [crossed out in pen],NA,,,,https://changes-ifr.s3.us-east-2.amazonaws.com/ss2/SUMM/double/a_first/Marquette_Wahlstrom_SUMM_001.jpg,https://changes-ifr.s3.us-east-2.amazonaws.com/ss2/SUMM/double/a_first/Marquette_Wahlstrom_SUMM_002.jpg,Methyl Orange Alk Range
63265664,"[['30-34', '30-34', '30-34', '30'], ['', '', '', '-'], ['', '', '', '34'], [""40'"", '', '', ""40'""], ['--', '', '', '-'], ['4.7', '', '', '4.7'], ['ppm', '', '', 'ppm']]",4,1.714285714,30-34 - 34 40' -- 4.7 ppm,30,34,ppm,,https://changes-ifr.s3.us-east-2.amazonaws.com/ss2/SUMM/double/a_first/Mason_Eden_SUMM_010.jpg,https://changes-ifr.s3.us-east-2.amazonaws.com/ss2/SUMM/double/a_first/Mason_Eden_SUMM_011.jpg,Methyl Orange Alk Range
63265666,"[['71.0-92.5', '71.0-92.5', '32.5-71.0', '71.0'], ['', '', '', '-'], ['', '', '', '92.5']]",4,1.333333333,71.0-92.5 - 92.5,71,92.5,,,https://changes-ifr.s3.us-east-2.amazonaws.com/ss2/SUMM/double/a_first/Mason_Chancellor_SUMM_005.jpg,https://changes-ifr.s3.us-east-2.amazonaws.com/ss2/SUMM/double/a_first/Mason_Chancellor_SUMM_006.jpg,Methyl Orange Alk Range
63265682,"[['108.0-112.0', '108.0-112.0', '108.0', '108.0-112.0'], ['', '', '-', ''], ['', '', '112.0', '']]",4,1.666666667,108.0-112.0 - 112.0,108,112,,,https://changes-ifr.s3.us-east-2.amazonaws.com/ss2/SUMM/double/a_first/Mecosta_Diamond_SUMM_005.jpg,https://changes-ifr.s3.us-east-2.amazonaws.com/ss2/SUMM/double/a_first/Mecosta_Diamond_SUMM_006.jpg,Methyl Orange Alk Range
63265686,"[['166.0', '166.0-172.0', '166.0-172.0'], ['-', '', ''], ['172.0', '', '']]",3,1.333333333,166.0-172.0 - 172.0,166,172,,,https://changes-ifr.s3.us-east-2.amazonaws.com/ss2/SUMM/double/a_first/Mecosta_Grass_SUMM_006.jpg,https://changes-ifr.s3.us-east-2.amazonaws.com/ss2/SUMM/double/a_first/Mecosta_Grass_SUMM_007.jpg,Methyl Orange Alk Range
63265695,"[['148.0', '148.0-167.0', '148.0-167.0', '148.0-167.0'], ['-', '', '', ''], ['167.0', '', '', ''], ['ppm', 'ppm.', 'ppm', 'ppm.']]",4,1.75,148.0-167.0 - 167.0 ppm,148,167,ppm,,https://changes-ifr.s3.us-east-2.amazonaws.com/ss2/SUMM/double/a_first/Mecosta_Lost_SUMM_007.jpg,https://changes-ifr.s3.us-east-2.amazonaws.com/ss2/SUMM/double/a_first/Mecosta_Lost_SUMM_008.jpg,Methyl Orange Alk Range
63265696,"[['147-154', '147-154', '147', '147-154'], ['', '', '-', ''], ['', '', '154', '']]",4,1.666666667,147-154 - 154,147,154,,,https://changes-ifr.s3.us-east-2.amazonaws.com/ss2/SUMM/double/a_first/Mecosta_RogersPond_SUMM_009.jpg,https://changes-ifr.s3.us-east-2.amazonaws.com/ss2/SUMM/double/a_first/Mecosta_RogersPond_SUMM_010.jpg,Methyl Orange Alk Range
63265698,"[['119.7-143.9', '119.7', '119.7-143.9', '119.7'], ['', '-', '', '-'], ['', '143.9', '', '143.9'], ['', 'ppm', '', '']]",4,1.75,119.7-143.9 - 143.9 ppm,119.7,143.9,ppm,,https://changes-ifr.s3.us-east-2.amazonaws.com/ss2/SUMM/double/a_first/Mecosta_Townline15N_9W_S1_SUMM_007.jpg,https://changes-ifr.s3.us-east-2.amazonaws.com/ss2/SUMM/double/a_first/Mecosta_Townline15N_9W_S1_SUMM_008.jpg,Methyl Orange Alk Range
63265700,"[['108-140', '108', '108-140', '108-140'], ['', '-', '', ''], ['', '140', '', ''], ['ppm.', 'ppm', 'ppm.', 'ppm']]",4,1.75,108-140 - 140 ppm.,108,140,ppm,,https://changes-ifr.s3.us-east-2.amazonaws.com/ss2/SUMM/double/a_first/Mecosta_Round_SUMM_008.jpg,https://changes-ifr.s3.us-east-2.amazonaws.com/ss2/SUMM/double/a_first/Mecosta_Round_SUMM_009.jpg,Methyl Orange Alk Range
63265730,"[['192', '192-200', '192-200', '192-200'], ['-', '', '', ''], ['200', '', '', '']]",4,1.666666667,192-200 - 200,192,200,,,https://changes-ifr.s3.us-east-2.amazonaws.com/ss2/SUMM/double/a_first/MONTMORENCY_MARSHALL_SUMM_0001_1.jpeg,https://changes-ifr.s3.us-east-2.amazonaws.com/ss2/SUMM/double/a_first/MONTMORENCY_MARSHALL_SUMM_0001_2.jpeg,Methyl Orange Alk Range
63265733,"[['196', '196-207', '196-207', '196-207'], ['-', '', '', ''], ['207', '', '', '']]",4,1.666666667,196-207 - 207,196,207,,,https://changes-ifr.s3.us-east-2.amazonaws.com/ss2/SUMM/double/a_first/MONTMORENCY_SAGEMIDDLE_SUMM_0001_1.jpeg,https://changes-ifr.s3.us-east-2.amazonaws.com/ss2/SUMM/double/a_first/MONTMORENCY_SAGEMIDDLE_SUMM_0001_2.jpeg,Methyl Orange Alk Range
63265736,"[['207', '207-210', '207-210', '207-210'], ['-', '', '', ''], ['210', '', '', '']]",4,1.666666667,207-210 - 210,207,210,,,https://changes-ifr.s3.us-east-2.amazonaws.com/ss2/SUMM/double/a_first/MONTMORENCY_SAGESOUTHWEST_SUMM_0001_1.jpeg,https://changes-ifr.s3.us-east-2.amazonaws.com/ss2/SUMM/double/a_first/MONTMORENCY_SAGESOUTHWEST_SUMM_0001_2.jpeg,Methyl Orange Alk Range
63265739,"[['', '', '', '99'], ['', '', '', '-'], ['99-120', '99-120', '99-120', '120']]",4,1.666666667,99 - 99-120,99,120,,,https://changes-ifr.s3.us-east-2.amazonaws.com/ss2/SUMM/double/a_first/MONTMORENCY_SUTTONS_SUMM_0001_1.jpeg,https://changes-ifr.s3.us-east-2.amazonaws.com/ss2/SUMM/double/a_first/MONTMORENCY_SUTTONS_SUMM_0001_2.jpeg,Methyl Orange Alk Range
63265746,"[['110-125', '110', '110-125', '110-125'], ['', '-', '', ''], ['', '125', '', '']]",4,1.666666667,110-125 - 125,110,125,,,https://changes-ifr.s3.us-east-2.amazonaws.com/ss2/SUMM/double/a_first/MUSKEGON_MUSKEGON_SUMM_0001_1.jpeg,https://changes-ifr.s3.us-east-2.amazonaws.com/ss2/SUMM/double/a_first/MUSKEGON_MUSKEGON_SUMM_0001_2.jpeg,Methyl Orange Alk Range
63265758,"[['63-77', '63-77', '63', '63-77'], ['', '', '-', ''], ['', '', '77', '']]",4,1.666666667,63-77 - 77,63,77,,,https://changes-ifr.s3.us-east-2.amazonaws.com/ss2/SUMM/double/a_first/NEWAYGO_CONDON_SUMM_0004_1.jpeg,https://changes-ifr.s3.us-east-2.amazonaws.com/ss2/SUMM/double/a_first/NEWAYGO_CONDON_SUMM_0004_2.jpeg,Methyl Orange Alk Range
63265765,"[['128-144', '128-144', '128', '128-144'], ['', '', '-', ''], ['', '', '144', ''], ['ppm', 'ppm.', 'ppm', 'ppm.']]",4,1.75,128-144 - 144 ppm,128,144,ppm,,https://changes-ifr.s3.us-east-2.amazonaws.com/ss2/SUMM/double/a_first/NEWAYGO_CROTON_SUMM_0001_1.jpeg,https://changes-ifr.s3.us-east-2.amazonaws.com/ss2/SUMM/double/a_first/NEWAYGO_CROTON_SUMM_0001_2.jpeg,Methyl Orange Alk Range
63265776,"[['', '', '', '90'], ['', '', '', '-'], ['90-93.5', '90-93.5', '90-93.5', '93.5']]",4,1.666666667,90 - 90-93.5,90,93.5,,,https://changes-ifr.s3.us-east-2.amazonaws.com/ss2/SUMM/double/a_first/NEWAYGO_NAGEK_SUMM_0001_1.jpeg,https://changes-ifr.s3.us-east-2.amazonaws.com/ss2/SUMM/double/a_first/NEWAYGO_NAGEK_SUMM_0001_2.jpeg,Methyl Orange Alk Range
63265781,"[['112-117', '112-117', '112-117', '112'], ['', '', '', '-'], ['', '', '', '117'], ['ppm.', 'ppm.', 'ppm', 'ppm']]",4,1.75,112-117 - 117 ppm.,112,117,ppm,,https://changes-ifr.s3.us-east-2.amazonaws.com/ss2/SUMM/double/a_first/NEWAYGO_ROBINSON_SUMM_0001_1.jpeg,https://changes-ifr.s3.us-east-2.amazonaws.com/ss2/SUMM/double/a_first/NEWAYGO_ROBINSON_SUMM_0001_2.jpeg,Methyl Orange Alk Range
63265788,"[['180-260', '180-260', '180-260', '180'], ['', '', '', '-'], ['', '', '', '260']]",4,1.666666667,180-260 - 260,180,260,,,https://changes-ifr.s3.us-east-2.amazonaws.com/ss2/SUMM/double/a_first/OAKLAND_ALDERMAN_SUMM_0001_1.jpeg,https://changes-ifr.s3.us-east-2.amazonaws.com/ss2/SUMM/double/a_first/OAKLAND_ALDERMAN_SUMM_0001_2.jpeg,Methyl Orange Alk Range
63265789,"[['120-154', '120-154', '120-154', '120'], ['', '', '', '-'], ['', '', '', '154']]",4,1.666666667,120-154 - 154,120,154,,,https://changes-ifr.s3.us-east-2.amazonaws.com/ss2/SUMM/double/a_first/OAKLAND_ANGELUS_SUMM_0001_1.jpeg,https://changes-ifr.s3.us-east-2.amazonaws.com/ss2/SUMM/double/a_first/OAKLAND_ANGELUS_SUMM_0001_2.jpeg,Methyl Orange Alk Range
63265790,"[['134', '134-179', '134-179', '134-179'], ['-', '', '', ''], ['179', '', '', '']]",4,1.666666667,134-179 - 179,134,179,,,https://changes-ifr.s3.us-east-2.amazonaws.com/ss2/SUMM/double/a_first/OAKLAND_BUSH05N07E2728_SUMM_0001_1.jpeg,https://changes-ifr.s3.us-east-2.amazonaws.com/ss2/SUMM/double/a_first/OAKLAND_BUSH05N07E2728_SUMM_0001_2.jpeg,Methyl Orange Alk Range
63265792,"[['162-233', '162-233', '162-233', '162'], ['', '', '', '-'], ['', '', '', '233']]",4,1.666666667,162-233 - 233,162,233,,,https://changes-ifr.s3.us-east-2.amazonaws.com/ss2/SUMM/double/a_first/OAKLAND_CHAMBERLAIN_SUMM_0001_1.jpeg,https://changes-ifr.s3.us-east-2.amazonaws.com/ss2/SUMM/double/a_first/OAKLAND_CHAMBERLAIN_SUMM_0001_2.jpeg,Methyl Orange Alk Range
63265794,"[['124-176', '124-176', '124-176', '124'], ['', '', '', '-'], ['', '', '', '176']]",4,1.666666667,124-176 - 176,124,176,,,https://changes-ifr.s3.us-east-2.amazonaws.com/ss2/SUMM/double/a_first/OAKLAND_CRESCENT_SUMM_0001_1.jpeg,https://changes-ifr.s3.us-east-2.amazonaws.com/ss2/SUMM/double/a_first/OAKLAND_CRESCENT_SUMM_0001_2.jpeg,Methyl Orange Alk Range
63265799,"[['150-250', '150-250', '150', '150-250'], ['', '', '-', ''], ['', '', '250', '']]",4,1.666666667,150-250 - 250,150,250,,,https://changes-ifr.s3.us-east-2.amazonaws.com/ss2/SUMM/double/a_first/OAKLAND_GRAVELPIT_SUMM_0001_1.jpeg,https://changes-ifr.s3.us-east-2.amazonaws.com/ss2/SUMM/double/a_first/OAKLAND_GRAVELPIT_SUMM_0001_2.jpeg,Methyl Orange Alk Range
63265801,"[['207-230', '207-230', '207-230', '207'], ['', '', '', '-'], ['', '', '', '230']]",4,1.666666667,207-230 - 230,207,230,,,https://changes-ifr.s3.us-east-2.amazonaws.com/ss2/SUMM/double/a_first/OAKLAND_HARTWIG_SUMM_0001_1.jpeg,https://changes-ifr.s3.us-east-2.amazonaws.com/ss2/SUMM/double/a_first/OAKLAND_HARTWIG_SUMM_0001_2.jpeg,Methyl Orange Alk Range
63265803,"[['122-176', '122', '122-176', '122-176'], ['', '-', '', ''], ['', '176', '', '']]",4,1.666666667,122-176 - 176,122,176,,,https://changes-ifr.s3.us-east-2.amazonaws.com/ss2/SUMM/double/a_first/OAKLAND_KELLEY_SUMM_0002_1.jpeg,https://changes-ifr.s3.us-east-2.amazonaws.com/ss2/SUMM/double/a_first/OAKLAND_KELLEY_SUMM_0002_2.jpeg,Methyl Orange Alk Range
63265806,"[[""28'""]]",1,1,28',NA,,,,https://changes-ifr.s3.us-east-2.amazonaws.com/ss2/SUMM/double/a_first/OAKLAND_LONGT4NR10ES12_SUMM_0001_1.jpeg,https://changes-ifr.s3.us-east-2.amazonaws.com/ss2/SUMM/double/a_first/OAKLAND_LONGT4NR10ES12_SUMM_0001_2.jpeg,Methyl Orange Alk Range
63265809,"[['140', '140-173', '140-173', '140-173'], ['-', '', '', ''], ['173', '', '', '']]",4,1.666666667,140-173 - 173,140,173,,,https://changes-ifr.s3.us-east-2.amazonaws.com/ss2/SUMM/double/a_first/OAKLAND_MOHAWK_SUMM_0001_1.jpeg,https://changes-ifr.s3.us-east-2.amazonaws.com/ss2/SUMM/double/a_first/OAKLAND_MOHAWK_SUMM_0001_2.jpeg,Methyl Orange Alk Range
63265813,"[['167-233', '167-233', '167', '167-233'], ['', '', '-', ''], ['', '', '233', '']]",4,1.666666667,167-233 - 233,167,233,,,https://changes-ifr.s3.us-east-2.amazonaws.com/ss2/SUMM/double/a_first/OAKLAND_SHOE_SUMM_0001_1.jpeg,https://changes-ifr.s3.us-east-2.amazonaws.com/ss2/SUMM/double/a_first/OAKLAND_SHOE_SUMM_0001_2.jpeg,Methyl Orange Alk Range
63265837,"[['110-160', '110-160', '110', '110-160'], ['', '', '-', ''], ['', '', '160', '']]",4,1.666666667,110-160 - 160,110,160,,,https://changes-ifr.s3.us-east-2.amazonaws.com/ss1/SUMM/double/b_first/VanBuren_Rush_SUMM_003.jpeg,https://changes-ifr.s3.us-east-2.amazonaws.com/ss1/SUMM/double/b_first/VanBuren_Rush_SUMM_002.jpeg,Methyl Orange Alk Range
63265838,"[['144.0', '144.0-178.2', '144.0', '144.0-178.0'], ['-', '', '-', ''], ['178.8', '', '178.0', ''], ['ppm.', 'ppm', 'ppm', 'ppm.']]",4,1.75,144.0 - 178.8 ppm.,144,178,ppm,,https://changes-ifr.s3.us-east-2.amazonaws.com/ss1/SUMM/double/b_first/VanBuren_LakeoftheWoods_SUMM_005.jpeg,https://changes-ifr.s3.us-east-2.amazonaws.com/ss1/SUMM/double/b_first/VanBuren_LakeoftheWoods_SUMM_004.jpeg,Methyl Orange Alk Range
63265841,"[['210', '210-230', '210-230', '210-230'], ['-', '', '', ''], ['230', '', '', '']]",4,1.666666667,210-230 - 230,210,230,,,https://changes-ifr.s3.us-east-2.amazonaws.com/ss1/SUMM/double/b_first/Tuscola_Phelps_SUMM_003.jpeg,https://changes-ifr.s3.us-east-2.amazonaws.com/ss1/SUMM/double/b_first/Tuscola_Phelps_SUMM_002.jpeg,Methyl Orange Alk Range
63265842,"[['185-290', '185', '185-290', '185-290'], ['', '-', '', ''], ['', '290', '', '']]",4,1.666666667,185-290 - 290,185,290,,,https://changes-ifr.s3.us-east-2.amazonaws.com/ss1/SUMM/double/b_first/Tuscola_Cat_SUMM_017.jpeg,https://changes-ifr.s3.us-east-2.amazonaws.com/ss1/SUMM/double/b_first/Tuscola_Cat_SUMM_016.jpeg,Methyl Orange Alk Range
63265844,"[['65', '65-90', '65-90', '65-90'], ['-', '', '', ''], ['90', '', '', '']]",4,1.666666667,65-90 - 90,65,90,,,https://changes-ifr.s3.us-east-2.amazonaws.com/ss1/SUMM/double/b_first/VanBuren_Bakersons_SUMM_077.jpeg,https://changes-ifr.s3.us-east-2.amazonaws.com/ss1/SUMM/double/b_first/VanBuren_Bakersons_SUMM_076.jpeg,Methyl Orange Alk Range
63265854,"[['116.0', '116.0-161.0', '116.0', '116.0-161.0'], ['-', '', 'to', ''], ['161.0', '', '161.0', ''], ['ppm.', 'ppm.', 'ppm', 'ppm']]",4,1.75,116.0 - 161.0 ppm.,116,161,ppm,,https://changes-ifr.s3.us-east-2.amazonaws.com/ss1/SUMM/double/b_first/StJoseph_Eberhard_SUMM_014.jpeg,https://changes-ifr.s3.us-east-2.amazonaws.com/ss1/SUMM/double/b_first/StJoseph_Eberhard_SUMM_013.jpeg,Methyl Orange Alk Range
63265856,"[['34'], ['ppm']]",1,1,34 ppm,NA,,,,https://changes-ifr.s3.us-east-2.amazonaws.com/ss1/SUMM/double/b_first/Schoolcraft_Twin_SUMM_028.jpeg,https://changes-ifr.s3.us-east-2.amazonaws.com/ss1/SUMM/double/b_first/Schoolcraft_Twin_SUMM_027.jpeg,Methyl Orange Alk Range
63265861,"[['41-47', '41-47', '41', '41-47ppm'], ['PPM', '', '-', ''], ['', '', '47', ''], ['', 'ppm', 'ppm', '']]",4,1.5,41-47 PPM 47 ppm,41,47,ppm,,https://changes-ifr.s3.us-east-2.amazonaws.com/ss1/SUMM/double/b_first/Schoolcraft_ThreeIsland_SUMM_002.jpeg,https://changes-ifr.s3.us-east-2.amazonaws.com/ss1/SUMM/double/b_first/Schoolcraft_ThreeIsland_SUMM_001.jpeg,Methyl Orange Alk Range
63265874,"[['51.3', '51.3-85.5', '51.3-85.5', '51.3-85.5'], ['-', '', '', ''], ['85.5', '', '', '']]",4,1.666666667,51.3-85.5 - 85.5,51.3,85.5,,,https://changes-ifr.s3.us-east-2.amazonaws.com/ss1/SUMM/double/b_first/Schoolcraft_Ross_SUMM_014.jpeg,https://changes-ifr.s3.us-east-2.amazonaws.com/ss1/SUMM/double/b_first/Schoolcraft_Ross_SUMM_013.jpeg,Methyl Orange Alk Range
63265876,"[['60-85', '60', '60-85', '60-85'], ['', '-', '', ''], ['', '85', '', '']]",4,1.666666667,60-85 - 85,60,85,,,https://changes-ifr.s3.us-east-2.amazonaws.com/ss1/SUMM/double/b_first/Schoolcraft_Quarry_SUMM_010.jpeg,https://changes-ifr.s3.us-east-2.amazonaws.com/ss1/SUMM/double/b_first/Schoolcraft_Quarry_SUMM_009.jpeg,Methyl Orange Alk Range
63265880,"[['32-45', '32-34', '32-45', '32'], ['', '', '', '-'], ['', '', '', '45'], ['ppm', 'ppm.', 'ppm', 'ppm']]",4,1.75,32-45 - 45 ppm,32,45,ppm,,https://changes-ifr.s3.us-east-2.amazonaws.com/ss1/SUMM/double/b_first/Schoolcraft_NineteenBear_SUMM_008.jpeg,https://changes-ifr.s3.us-east-2.amazonaws.com/ss1/SUMM/double/b_first/Schoolcraft_NineteenBear_SUMM_007.jpeg,Methyl Orange Alk Range
63265887,"[['', '', 'Methyl', '32'], ['', '', 'Purple', '-'], ['', '', 'Alk.', ''], ['', '', '(range)', ''], ['32-40', '32-40', '32-40', '40'], ['ppm', 'ppm', 'ppm', 'ppm']]",4,1.833333333,Methyl Purple Alk. (range) 32-40 ppm,32,40,ppm,purple,https://changes-ifr.s3.us-east-2.amazonaws.com/ss1/SUMM/double/b_first/Schoolcraft_LittleBoot_SUMM_002.jpeg,https://changes-ifr.s3.us-east-2.amazonaws.com/ss1/SUMM/double/b_first/Schoolcraft_LittleBoot_SUMM_001.jpeg,Methyl Orange Alk Range
63265890,"[['Methyl', '', ''], ['Purple', '', ''], ['27', '27', '27']]",3,1.666666667,Methyl Purple 27,0,27,,purple,https://changes-ifr.s3.us-east-2.amazonaws.com/ss1/SUMM/double/b_first/Schoolcraft_LittleBass_SUMM_004.jpeg,https://changes-ifr.s3.us-east-2.amazonaws.com/ss1/SUMM/double/b_first/Schoolcraft_LittleBass_SUMM_003.jpeg,Methyl Orange Alk Range
63265901,"[['(Purple).', '', '*purple', ''], ['56', '', '', ''], ['-', '', '-', ''], ['65', '58-65', '58-65', '58-65']]",4,1.75,(Purple). 56 - 58-65,58,65,,purple,https://changes-ifr.s3.us-east-2.amazonaws.com/ss1/SUMM/double/b_first/Schoolcraft_East_SUMM_002.jpeg,https://changes-ifr.s3.us-east-2.amazonaws.com/ss1/SUMM/double/b_first/Schoolcraft_East_SUMM_001.jpeg,Methyl Orange Alk Range
63265906,"[['7', '7', '', ''], ['-8', '-', '7-8', '7-8'], ['', '8', '', '']]",4,1.666666667,7 7-8 8,7,8,,,https://changes-ifr.s3.us-east-2.amazonaws.com/ss1/SUMM/double/b_first/Schoolcraft_Cusino_SUMM_044.jpeg,https://changes-ifr.s3.us-east-2.amazonaws.com/ss1/SUMM/double/b_first/Schoolcraft_Cusino_SUMM_043.jpeg,Methyl Orange Alk Range
63265914,"[['Methyl', '', '', ''], ['purple', '', '', ''], ['Alk.', '', '', ''], ['(range)', '', '', ''], ['147', '147', '147', '147']]",4,1.6,Methyl purple Alk. (range) 147,0,147,,purple,https://changes-ifr.s3.us-east-2.amazonaws.com/ss1/SUMM/double/b_first/Schoolcraft_Crescent_SUMM_016.jpeg,https://changes-ifr.s3.us-east-2.amazonaws.com/ss1/SUMM/double/b_first/Schoolcraft_Crescent_SUMM_015.jpeg,Methyl Orange Alk Range
63265919,"[['', '31-47', '31', '31-47'], ['[-16]', '', '-', ''], ['', '', '47', '']]",4,1.333333333,31-47 [-16] 47,31,47,,,https://changes-ifr.s3.us-east-2.amazonaws.com/ss1/SUMM/double/b_first/Schoolcraft_Clear_SUMM_002.jpeg,https://changes-ifr.s3.us-east-2.amazonaws.com/ss1/SUMM/double/b_first/Schoolcraft_Clear_SUMM_001.jpeg,Methyl Orange Alk Range
63265920,"[['Methyl', '34', 'Methyl', ''], ['Purple', '-', 'Purple', ''], ['Alk.', '', '', ''], ['(range)', '', '', ''], ['34-36', '36', '34-36', '34-36']]",4,1.8,Methyl Purple Alk. (range) 34-36,34,36,,purple,https://changes-ifr.s3.us-east-2.amazonaws.com/ss1/SUMM/double/b_first/Schoolcraft_Boot_SUMM_006.jpeg,https://changes-ifr.s3.us-east-2.amazonaws.com/ss1/SUMM/double/b_first/Schoolcraft_Boot_SUMM_005.jpeg,Methyl Orange Alk Range
63265928,"[['160-164', '160-164', '160', '160-164'], ['', '', '-', ''], ['', '', '164', '']]",4,1.666666667,160-164 - 164,160,164,,,https://changes-ifr.s3.us-east-2.amazonaws.com/ss1/SUMM/double/b_first/Roscommon_Dunham_SUMM_020.jpeg,https://changes-ifr.s3.us-east-2.amazonaws.com/ss1/SUMM/double/b_first/Roscommon_Dunham_SUMM_019.jpeg,Methyl Orange Alk Range
63265929,"[['220-160', '220-160', '220-160', '220'], ['', '', '', '-'], ['', '', '', '160']]",4,1.666666667,220-160 - 160,160,220,,,https://changes-ifr.s3.us-east-2.amazonaws.com/ss1/SUMM/double/b_first/Schoolcraft_Ashford_SUMM_012.jpeg,https://changes-ifr.s3.us-east-2.amazonaws.com/ss1/SUMM/double/b_first/Schoolcraft_Ashford_SUMM_011.jpeg,Methyl Orange Alk Range
63265932,"[['54', '54-62', '54-62ppm', '54-62'], ['-', '', '', ''], ['62', '', '', ''], ['ppm', 'ppm', '', 'ppm']]",4,1.75,54-62 - 62 ppm,54,62,ppm,,https://changes-ifr.s3.us-east-2.amazonaws.com/ss1/SUMM/double/b_first/Schoolcraft_Beaton_SUMM_004.jpeg,https://changes-ifr.s3.us-east-2.amazonaws.com/ss1/SUMM/double/b_first/Schoolcraft_Beaton_SUMM_003.jpeg,Methyl Orange Alk Range
63265937,"[['100', '', '100', ''], ['-', '', '', ''], ['120', '100-120', '-120', '100-120']]",4,1.666666667,100 - 100-120,100,120,,,https://changes-ifr.s3.us-east-2.amazonaws.com/ss1/SUMM/double/b_first/PresqueIsle_Lotus_SUMM_002.jpeg,https://changes-ifr.s3.us-east-2.amazonaws.com/ss1/SUMM/double/b_first/PresqueIsle_Lotus_SUMM_001.jpeg,Methyl Orange Alk Range
63265943,"[['285-345', '285', '285-345', '285-345'], ['', '-', '', ''], ['', '345', '', '']]",4,1.666666667,285-345 - 345,285,345,,,https://changes-ifr.s3.us-east-2.amazonaws.com/ss1/SUMM/double/b_first/PresqueIsle_BearDen_SUMM_004.jpeg,https://changes-ifr.s3.us-east-2.amazonaws.com/ss1/SUMM/double/b_first/PresqueIsle_BearDen_SUMM_003.jpeg,Methyl Orange Alk Range
63265963,"[['10.0', '10.0-19.0', '10.0-19.0', '10.0-19.0'], ['-', '', '', ''], ['19.0', '', '', '']]",4,1.666666667,10.0-19.0 - 19.0,10,19,,,https://changes-ifr.s3.us-east-2.amazonaws.com/ss1/SUMM/double/b_first/Otsego_Big_SUMM_018.jpeg,https://changes-ifr.s3.us-east-2.amazonaws.com/ss1/SUMM/double/b_first/Otsego_Big_SUMM_017.jpeg,Methyl Orange Alk Range
63265967,[['-']],1,1,-,NA,,,,https://changes-ifr.s3.us-east-2.amazonaws.com/ss1/SUMM/double/b_first/Otsego_Bear_SUMM_094.jpeg,https://changes-ifr.s3.us-east-2.amazonaws.com/ss1/SUMM/double/b_first/Otsego_Bear_SUMM_093.jpeg,Methyl Orange Alk Range
63265975,"[['10-16', '10-16', '10', '10-16'], ['', '', '-', ''], ['', '', '16', '']]",4,1.666666667,10/16/16,10,16,,,https://changes-ifr.s3.us-east-2.amazonaws.com/ss1/SUMM/double/b_first/Alcona_Crystal_SUMM_Doc0482.jpg,https://changes-ifr.s3.us-east-2.amazonaws.com/ss1/SUMM/double/b_first/Alcona_Crystal_SUMM_Doc0481.jpg,Methyl Orange Alk Range
63265983,"[['187-145', '187', '187-145', '187-145'], ['', '-', '', ''], ['', '145', '', ''], ['ppm', 'ppm', 'ppm.', 'ppm.']]",4,1.75,187-145 - 145 ppm,145,187,ppm,,https://changes-ifr.s3.us-east-2.amazonaws.com/ss2/SUMM/double/a_first/CALHOUN_HART_SUMM_0002_1.jpeg,https://changes-ifr.s3.us-east-2.amazonaws.com/ss2/SUMM/double/a_first/CALHOUN_HART_SUMM_0002_2.jpeg,Methyl Orange Alk Range
63265989,"[['162-185', '162-185', '162', '152-185ppm'], ['', '', '-', ''], ['', '', '185', ''], ['ppm.', 'ppm', 'ppm', '']]",4,1.5,162-185 - 185 ppm,162,185,ppm,,https://changes-ifr.s3.us-east-2.amazonaws.com/ss2/SUMM/double/a_first/CASS_BALDWIN_SUMM_0001_1.jpeg,https://changes-ifr.s3.us-east-2.amazonaws.com/ss2/SUMM/double/a_first/CASS_BALDWIN_SUMM_0001_2.jpeg,Methyl Orange Alk Range
63265998,"[['135-165', '135', '135-165'], ['', '-', ''], ['', '165', ''], ['ppm', 'ppm', 'ppm']]",3,1.75,135-165 - 165 ppm,135,165,ppm,,https://changes-ifr.s3.us-east-2.amazonaws.com/ss2/SUMM/double/a_first/CASS_DIAMOND_SUMM_0001_1.jpeg,https://changes-ifr.s3.us-east-2.amazonaws.com/ss2/SUMM/double/a_first/CASS_DIAMOND_SUMM_0001_2.jpeg,Methyl Orange Alk Range
63266004,"[['68', '68-53', '68-53', '68-53'], ['-', '', '', ''], ['53', '', '', '']]",4,1.666666667,68-53 - 53,53,68,,,https://changes-ifr.s3.us-east-2.amazonaws.com/ss2/SUMM/double/a_first/CASS_LITTLEFISH_SUMM_0001_1.jpeg,https://changes-ifr.s3.us-east-2.amazonaws.com/ss2/SUMM/double/a_first/CASS_LITTLEFISH_SUMM_0001_2.jpeg,Methyl Orange Alk Range
63266005,"[['68', '68-53', '68', '68-53'], ['-', '', '-', ''], ['53', '', '63', '']]",4,1.666666667,68 - 53,53,68,,,https://changes-ifr.s3.us-east-2.amazonaws.com/ss2/SUMM/double/a_first/CASS_LITTLEFISH_SUMM_0002_1.jpeg,https://changes-ifr.s3.us-east-2.amazonaws.com/ss2/SUMM/double/a_first/CASS_LITTLEFISH_SUMM_0002_2.jpeg,Methyl Orange Alk Range
63266006,"[['176-202ppm', '176', '176-202', '176-202'], ['', '-', '', ''], ['', '202', '', ''], ['', 'ppm', 'ppm', 'ppm']]",4,1.75,176-202 - 202 ppm,176,202,ppm,,https://changes-ifr.s3.us-east-2.amazonaws.com/ss2/SUMM/double/a_first/CASS_LONG8S13WSECSMANY_SUMM_0001_1.jpeg,https://changes-ifr.s3.us-east-2.amazonaws.com/ss2/SUMM/double/a_first/CASS_LONG8S13WSECSMANY_SUMM_0001_2.jpeg,Methyl Orange Alk Range
63266023,"[['52-73', '52-73ppm', '52-73ppm.', '52-73'], ['ppm.', '', '', 'ppm']]",4,1.5,52-73 ppm.,52,73,ppm,,https://changes-ifr.s3.us-east-2.amazonaws.com/ss3/SUMM/double/MONTCALM_KRAMPE_SUMM_0001_1.jpeg,https://changes-ifr.s3.us-east-2.amazonaws.com/ss3/SUMM/double/MONTCALM_KRAMPE_SUMM_0001_2.jpeg,Methyl Orange Alk Range
63266027,"[['124-188', '124', '124-188'], ['', '-', ''], ['', '188', ''], ['ppm', 'ppm', 'ppm']]",3,1.75,124-188 - 188 ppm,124,188,ppm,,https://changes-ifr.s3.us-east-2.amazonaws.com/ss3/SUMM/double/MONTCALM_LOON_SUMM_0002_1.jpeg,https://changes-ifr.s3.us-east-2.amazonaws.com/ss3/SUMM/double/MONTCALM_LOON_SUMM_0002_2.jpeg,Methyl Orange Alk Range
63266038,"[['179-210', '179-210', '179-210', '179'], ['', '', '', '-'], ['', '', '', '210']]",4,1.666666667,179-210 - 210,179,210,,,https://changes-ifr.s3.us-east-2.amazonaws.com/ss3/SUMM/double/WASHTENAW_BARTON_SUMM_0001_1.jpeg,https://changes-ifr.s3.us-east-2.amazonaws.com/ss3/SUMM/double/WASHTENAW_BARTON_SUMM_0001_2.jpeg,Methyl Orange Alk Range
63266041,"[['198.0', '198.0-203.0', '198.0-204.0', '198.0-203.0'], ['-', '', '', ''], ['203.0', '', '', ''], ['ppm', 'ppm', 'ppm', 'ppm.']]",4,1.75,198.0-203.0 - 203.0 ppm,198,203,ppm,,https://changes-ifr.s3.us-east-2.amazonaws.com/ss3/SUMM/double/WASHTENAW_ARGO_SUMM_0001_1.jpeg,https://changes-ifr.s3.us-east-2.amazonaws.com/ss3/SUMM/double/WASHTENAW_ARGO_SUMM_0001_2.jpeg,Methyl Orange Alk Range
63266046,"[['112.0-135.0', '112.0', '112.0-135.0', '112.0-135.0'], ['', '-', '', ''], ['', '135.0', '', ''], ['ppm.', 'ppm', 'ppm.', 'ppm']]",4,1.75,112.0-135.0 - 135.0 ppm.,112,135,ppm,,https://changes-ifr.s3.us-east-2.amazonaws.com/ss3/SUMM/double/WASHTENAW_CEDARBIG_SUMM_0001_1.jpeg,https://changes-ifr.s3.us-east-2.amazonaws.com/ss3/SUMM/double/WASHTENAW_CEDARBIG_SUMM_0001_2.jpeg,Methyl Orange Alk Range
63266048,"[['106-148', '106-148', '106', '106-148'], ['', '', '-', ''], ['', '', '148', '']]",4,1.666666667,106-148 - 148,106,148,,,https://changes-ifr.s3.us-east-2.amazonaws.com/ss3/SUMM/double/WASHTENAW_FRAINS_SUMM_0001_1.jpeg,https://changes-ifr.s3.us-east-2.amazonaws.com/ss3/SUMM/double/WASHTENAW_FRAINS_SUMM_0001_2.jpeg,Methyl Orange Alk Range
63266049,"[['111.0', '111.0-115.0', '111.0'], ['-', '', '-'], ['115.', '', '115.0'], ['0', '', ''], ['ppm', 'ppm', 'ppm']]",3,1.8,111.0 - 115. 0 ppm,111,115,ppm,,https://changes-ifr.s3.us-east-2.amazonaws.com/ss3/SUMM/double/WASHTENAW_FOURMILE_SUMM_0001_1.jpeg,https://changes-ifr.s3.us-east-2.amazonaws.com/ss3/SUMM/double/WASHTENAW_FOURMILE_SUMM_0001_2.jpeg,Methyl Orange Alk Range
63266051,"[['203-250', '203-250', '203-250', '203'], ['', '', '', '-'], ['', '', '', '250']]",4,1.666666667,203-250 - 250,203,250,,,https://changes-ifr.s3.us-east-2.amazonaws.com/ss3/SUMM/double/WASHTENAW_DOYLE_SUMM_0001_1.jpeg,https://changes-ifr.s3.us-east-2.amazonaws.com/ss3/SUMM/double/WASHTENAW_DOYLE_SUMM_0001_2.jpeg,Methyl Orange Alk Range
63266053,[['164']],1,1,164,0,164,,,https://changes-ifr.s3.us-east-2.amazonaws.com/ss3/SUMM/double/WASHTENAW_KLINK_SUMM_0001_1.jpeg,https://changes-ifr.s3.us-east-2.amazonaws.com/ss3/SUMM/double/WASHTENAW_KLINK_SUMM_0001_2.jpeg,Methyl Orange Alk Range
63266056,"[['162', '162-163', '162-163', '162-163'], ['-', '', '', ''], ['163', '', '', '']]",4,1.666666667,162-163 - 163,162,163,,,https://changes-ifr.s3.us-east-2.amazonaws.com/ss3/SUMM/double/WASHTENAW_HANKARD_SUMM_0001_1.jpeg,https://changes-ifr.s3.us-east-2.amazonaws.com/ss3/SUMM/double/WASHTENAW_HANKARD_SUMM_0001_2.jpeg,Methyl Orange Alk Range
63266061,"[['172-200', '172', '172-200', '172-200'], ['', '-', '', ''], ['', '200', '', '']]",4,1.666666667,172-200 - 200,172,200,,,https://changes-ifr.s3.us-east-2.amazonaws.com/ss3/SUMM/double/WASHTENAW_PEETS_SUMM_0001_1.jpeg,https://changes-ifr.s3.us-east-2.amazonaws.com/ss3/SUMM/double/WASHTENAW_PEETS_SUMM_0001_2.jpeg,Methyl Orange Alk Range
63266063,"[['115', '115-186', '115-186', '115-186'], ['-', '', '', ''], ['186', '', '', '']]",4,1.666666667,115-186 - 186,115,186,,,https://changes-ifr.s3.us-east-2.amazonaws.com/ss3/SUMM/double/WASHTENAW_SUGARLOAF_SUMM_0001_1.jpeg,https://changes-ifr.s3.us-east-2.amazonaws.com/ss3/SUMM/double/WASHTENAW_SUGARLOAF_SUMM_0001_2.jpeg,Methyl Orange Alk Range
63266068,"[['178-181', '178-181', '178', '178-181'], ['', '', '-', ''], ['', '', '181', '']]",4,1.666666667,178-181 - 181,178,181,,,https://changes-ifr.s3.us-east-2.amazonaws.com/ss3/SUMM/double/WAYNE_FLATROCK_SUMM_0001_1.jpeg,https://changes-ifr.s3.us-east-2.amazonaws.com/ss3/SUMM/double/WAYNE_FLATROCK_SUMM_0001_2.jpeg,Methyl Orange Alk Range